####
#
# OBJ File Generated by Meshlab
#
####
# Object warehouse.obj
#
# Vertices: 783
# Faces: 1199
#
####
mtllib ./warehouse.obj.mtl

vn 0.0000000 0.0000000 0.0000000
v 2.4676013 -7.8453078 3.3009653
vn 0.0000000 -1.0000000 0.0000000
v 2.4676013 -7.8453078 2.3009653
vn 0.0000000 -1.0000000 0.0000000
v 4.9976010 -7.8453078 2.3009653
vn 0.0000000 1.0000000 0.0000000
v 4.9976010 7.2146921 2.3009634
vn 0.0000000 1.0000000 0.0000000
v 2.4676013 7.2146921 2.3009634
vn 0.0000000 0.0000000 0.0000000
v 2.4676013 7.2146926 3.3009634
vn -0.7071068 0.7071068 0.0000000
v -0.0623984 7.2146921 2.3009634
vn 0.0000000 0.0000000 0.0000000
v -0.0623984 -7.8453078 2.3009653
vn -0.7071068 0.7071067 -0.0000003
v -7.0323977 -2.6778080 1.4958607
vn -0.7071067 0.7071069 -0.0000001
v -7.0323977 -2.6778080 0.7084789
vn -0.7071068 -0.7071068 0.0000002
v -7.0323977 -7.0778074 0.7084794
vn -0.7071068 -0.7071068 0.0000000
v -7.0323977 -7.0778074 1.4958612
vn -1.0000000 0.0000000 0.0000000
v -0.0323985 -1.6940584 0.0009882
vn -0.7071068 0.7071068 -0.0000002
v -0.0323985 -2.6778083 0.0009883
vn -0.7071068 0.7071067 -0.0000001
v -0.0323985 -2.6778080 0.7084789
vn -0.9045340 -0.3015116 -0.3015113
v -0.0323985 -1.6940583 0.7084787
vn 0.0000000 1.0000000 0.0000007
v 0.5576014 7.1846919 0.0009871
vn -0.7071066 0.7071069 0.0000005
v -0.0323985 7.1846919 0.0009871
vn -0.7071069 0.7071066 0.0000002
v -0.0323985 7.1846914 0.7084777
vn -0.3015116 0.9045341 -0.3015109
v 0.5576014 7.1846914 0.7084777
vn 0.0000000 1.0000000 -0.0000003
v -6.5257363 -2.6778083 0.0009883
vn -0.7071068 0.7071067 -0.0000002
v -7.0323977 -2.6778083 0.0009883
vn -0.4082490 0.8164960 -0.4082488
v -6.5257325 -2.6778080 0.7084789
vn 1.0000000 0.0000000 0.0000000
v 4.9676166 6.4346924 1.4958596
vn 1.0000000 -0.0000000 -0.0000007
v 4.9676166 6.4346924 0.7084778
vn 0.7071065 0.7071071 -0.0000004
v 4.9676166 7.1846924 0.7084777
vn 0.7071062 0.7071074 0.0000000
v 4.9676166 7.1846924 1.4958596
vn 0.4081329 -0.8165698 -0.4082174
v 1.6726514 -7.8153076 1.8027710
vn -0.3014274 -0.9045688 -0.3014911
v 3.2625515 -7.8153076 1.8027710
vn 0.0000000 -1.0000000 0.0000000
v 3.2625515 -7.8153076 2.2015414
vn 0.0000000 -1.0000000 0.0000000
v 1.6726514 -7.8153076 2.2015414
vn -0.7071067 -0.7071068 0.0000010
v 3.2625523 -7.8153071 0.7084795
vn -0.7071065 0.7071071 0.0000003
v 3.2625523 -7.5272326 0.7084794
vn -0.7071073 0.7071063 0.0000007
v 3.2625511 -7.5272331 0.0009889
vn -0.7071069 -0.7071067 0.0000021
v 3.2625511 -7.8153081 0.0009889
vn -0.3015951 0.9044988 -0.3015334
v 3.2625513 -7.5272326 1.8026772
vn -0.7071066 0.7071069 -0.0000008
v 3.2625520 -7.5272326 1.4958613
vn -0.7071068 -0.7071068 -0.0000012
v 3.2625520 -7.8153071 1.4958613
vn 0.7071072 -0.7071063 0.0000006
v 1.6726524 -7.8153071 1.4958613
vn 0.7071071 -0.7071065 -0.0000000
v 1.6726524 -7.8153071 0.7084795
vn 0.7071068 0.7071067 -0.0000007
v 1.6726524 -7.5272326 0.7084794
vn 0.7071072 0.7071065 0.0000011
v 1.6726524 -7.5272326 1.4958613
vn 0.4083631 0.8164247 -0.4082772
v 1.6726514 -7.5272326 1.8026772
vn 0.7071062 -0.7071074 0.0000000
v 1.6726514 -7.8153081 0.0009889
vn 0.7071066 0.7071069 -0.0000014
v 1.6726514 -7.5272331 0.0009889
vn 0.0000000 1.0000000 0.0000007
v 3.0576012 7.1846919 0.0009871
vn 0.0000000 1.0000000 0.0000007
v 2.4676013 7.1846919 0.0009871
vn 0.0000000 1.0000000 0.0000003
v 2.4676013 7.1846914 0.7084777
vn -0.3015116 0.9045341 -0.3015109
v 3.0576012 7.1846914 0.7084777
vn 0.0000000 1.0000000 0.0000007
v 1.8776015 7.1846919 0.0009871
vn 0.3015114 0.9045342 -0.3015110
v 1.8776013 7.1846914 0.7084777
vn 0.0000000 1.0000000 -0.0000002
v 1.8776015 7.1846919 1.8027693
vn 0.0000000 1.0000000 -0.0000002
v 0.5576014 7.1846919 1.8027693
vn 0.0000000 1.0000000 0.0000012
v 0.5576014 7.1846914 2.2015395
vn 0.0000000 1.0000000 0.0000012
v 1.8776013 7.1846914 2.2015395
vn 0.7071065 0.7071072 0.0000004
v 4.9676166 7.1846924 1.8027693
vn -0.0000004 1.0000000 -0.0000002
v 4.3776011 7.1846919 1.8027693
vn -0.0000006 1.0000000 0.0000010
v 4.3776007 7.1846914 2.2015395
vn 0.7071060 0.7071076 0.0000008
v 4.9676161 7.1846924 2.2015395
vn 0.0000000 1.0000000 -0.0000002
v 3.0576012 7.1846919 1.8027693
vn 0.0000000 1.0000000 0.0000012
v 3.0576012 7.1846914 2.2015395
vn -0.0000004 1.0000000 0.0000003
v 4.3776011 7.1846919 0.0009871
vn 0.3015105 0.9045345 -0.3015109
v 4.3776011 7.1846914 0.7084777
vn 0.7071068 0.7071068 0.0000000
v 1.2426014 7.1596918 0.7459635
vn -0.7071068 0.7071068 0.0000000
v 1.1926014 7.1596918 0.7459635
vn -0.7071068 0.7071068 0.0000000
v 1.1926014 7.1596918 1.4559636
vn 0.7071068 0.7071068 0.0000000
v 1.2426014 7.1596918 1.4559636
vn -0.7071068 0.0000000 0.7071068
v 1.8376014 7.1846919 0.7459635
vn 0.7071069 0.0000000 0.7071066
v 0.5976015 7.1846919 0.7459635
vn 0.7071068 0.0000000 0.7071068
v 0.5976015 7.1346917 0.7459635
vn -0.7071069 0.0000000 0.7071066
v 1.8376014 7.1346917 0.7459635
vn 0.7071068 0.0000000 -0.7071068
v 0.5976015 7.1846919 1.4559636
vn -0.7071069 0.0000000 -0.7071066
v 1.8376014 7.1846919 1.4559636
vn -0.7071068 0.0000000 -0.7071068
v 1.8376014 7.1346917 1.4559636
vn 0.7071069 0.0000000 -0.7071066
v 0.5976015 7.1346917 1.4559636
vn 0.7071068 -0.7071068 0.0000000
v 1.2426014 7.1346917 1.4559636
vn 0.7071067 -0.7071068 0.0000000
v 1.2426014 7.1346917 0.7459635
vn -0.7071068 -0.7071068 0.0000000
v 1.1926014 7.1346917 0.7459635
vn -0.7071067 -0.7071068 0.0000000
v 1.1926014 7.1346917 1.4559636
vn 0.7071067 0.7071069 0.0000000
v 3.7426012 7.1596918 0.7459635
vn -0.7071068 0.7071068 0.0000000
v 3.6926014 7.1596918 0.7459635
vn -0.7071067 0.7071069 0.0000000
v 3.6926014 7.1596918 1.4559636
vn 0.7071068 0.7071068 0.0000000
v 3.7426012 7.1596918 1.4559636
vn 0.7071068 0.0000000 -0.7071068
v 3.0976012 7.1846919 1.4559636
vn -0.7071069 0.0000000 -0.7071066
v 4.3376012 7.1846919 1.4559636
vn -0.7071068 0.0000000 -0.7071068
v 4.3376012 7.1346917 1.4559636
vn 0.7071069 0.0000000 -0.7071066
v 3.0976012 7.1346917 1.4559636
vn 0.7071069 0.0000000 0.7071066
v 3.0976012 7.1846919 0.7459635
vn 0.7071068 0.0000000 0.7071068
v 3.0976012 7.1346917 0.7459635
vn -0.7071068 0.0000000 0.7071068
v 4.3376012 7.1846919 0.7459635
vn -0.7071069 0.0000000 0.7071066
v 4.3376012 7.1346917 0.7459635
vn 0.7071068 -0.7071068 0.0000000
v 3.7426012 7.1346917 1.4559636
vn 0.7071066 -0.7071069 0.0000000
v 3.7426012 7.1346917 0.7459635
vn -0.7071068 -0.7071068 0.0000000
v 3.6926014 7.1346917 0.7459635
vn -0.7071066 -0.7071069 0.0000000
v 3.6926014 7.1346917 1.4559636
vn -1.0000000 0.0000000 0.0000000
v -0.0323985 4.8809409 0.0009874
vn -1.0000000 0.0000000 0.0000000
v -0.0323985 3.8971913 0.0009875
vn -1.0000000 0.0000000 0.0000000
v -0.0323985 3.8971913 0.7084781
vn -0.9045340 -0.3015116 -0.3015113
v -0.0323985 4.8809414 0.7084780
vn -1.0000000 0.0000000 0.0000000
v -0.0323985 1.5934415 0.0009878
vn -1.0000000 0.0000000 0.0000000
v -0.0323985 0.6096914 0.0009879
vn -1.0000000 0.0000000 0.0000000
v -0.0323985 0.6096916 0.7084785
vn -0.9045340 -0.3015116 -0.3015113
v -0.0323985 1.5934415 0.7084783
vn -1.0000000 0.0000000 0.0000000
v -0.0323985 -0.3740585 0.0009880
vn -0.9045341 0.3015113 -0.3015113
v -0.0323985 -0.3740585 0.7084786
vn -1.0000000 0.0000000 0.0000000
v -0.0323985 -0.3740583 1.8027701
vn -1.0000000 0.0000000 0.0000000
v -0.0323985 -1.6940582 1.8027703
vn -1.0000000 0.0000000 0.0000000
v -0.0323985 -1.6940582 2.2015407
vn -1.0000000 0.0000000 0.0000000
v -0.0323985 -0.3740582 2.2015405
vn -1.0000000 0.0000000 0.0000000
v -0.0323985 2.9134414 0.0009876
vn -0.9045341 0.3015114 -0.3015113
v -0.0323985 2.9134414 0.7084782
vn -1.0000000 0.0000000 0.0000000
v -0.0323985 2.9134417 1.8027698
vn -1.0000000 0.0000000 0.0000000
v -0.0323985 1.5934415 1.8027699
vn -1.0000000 0.0000000 0.0000000
v -0.0323985 1.5934416 2.2015402
vn -1.0000000 0.0000000 0.0000000
v -0.0323985 2.9134417 2.2015402
vn -1.0000000 0.0000000 0.0000000
v -0.0323985 6.2009416 0.0009872
vn -0.9045341 0.3015113 -0.3015112
v -0.0323985 6.2009411 0.7084779
vn -1.0000000 0.0000000 0.0000000
v -0.0323985 6.2009416 1.8027693
vn -1.0000000 0.0000000 0.0000000
v -0.0323985 4.8809414 1.8027695
vn -1.0000000 0.0000000 0.0000000
v -0.0323985 4.8809419 2.2015398
vn -1.0000000 0.0000000 0.0000000
v -0.0323985 6.2009416 2.2015398
vn -0.7071063 0.7071073 0.0000000
v -0.0073986 -1.0090584 0.7459644
vn -0.7071074 -0.7071063 0.0000000
v -0.0073986 -1.0590583 0.7459645
vn -0.7071068 -0.7071068 0.0000000
v -0.0073986 -1.0590583 1.4559646
vn -0.7071068 0.7071068 0.0000000
v -0.0073986 -1.0090584 1.4559646
vn 0.0000000 -0.7071071 -0.7071066
v -0.0323985 -0.4140583 1.4559644
vn 0.0000000 -0.7071066 0.7071069
v -0.0323985 -0.4140584 0.7459644
vn 0.0000000 -0.7071068 0.7071067
v 0.0176015 -0.4140584 0.7459644
vn 0.0000000 -0.7071068 -0.7071068
v 0.0176015 -0.4140583 1.4559644
vn 0.0000000 0.7071070 0.7071066
v -0.0323985 -1.6540583 0.7459645
vn 0.0000000 0.7071068 0.7071068
v 0.0176015 -1.6540583 0.7459645
vn 0.0000000 0.7071066 -0.7071069
v -0.0323985 -1.6540583 1.4559646
vn 0.0000000 0.7071069 -0.7071066
v 0.0176015 -1.6540583 1.4559646
vn 0.7071068 0.7071068 0.0000000
v 0.0176015 -1.0090584 1.4559646
vn 0.7071063 0.7071072 0.0000000
v 0.0176015 -1.0090584 0.7459644
vn 0.7071073 -0.7071063 0.0000000
v 0.0176015 -1.0590583 0.7459645
vn 0.7071068 -0.7071067 0.0000000
v 0.0176015 -1.0590583 1.4559646
vn -0.7071069 0.7071067 -0.0000002
v -0.0073986 2.2784414 0.7459641
vn -0.7071067 -0.7071069 0.0000002
v -0.0073986 2.2284415 0.7459641
vn -0.7071069 -0.7071067 0.0000002
v -0.0073986 2.2284417 1.4559642
vn -0.7071067 0.7071069 -0.0000002
v -0.0073986 2.2784417 1.4559642
vn 0.0000000 -0.7071066 0.7071070
v -0.0323985 2.8734415 0.7459640
vn 0.0000000 0.7071071 0.7071065
v -0.0323985 1.6334414 0.7459641
vn 0.0000000 0.7071068 0.7071068
v 0.0176015 1.6334414 0.7459641
vn 0.0000000 -0.7071069 0.7071066
v 0.0176015 2.8734415 0.7459640
vn 0.0000000 0.7071066 -0.7071069
v -0.0323985 1.6334414 1.4559642
vn 0.0000000 -0.7071072 -0.7071064
v -0.0323985 2.8734417 1.4559641
vn 0.0000000 -0.7071068 -0.7071067
v 0.0176015 2.8734417 1.4559641
vn 0.0000000 0.7071070 -0.7071066
v 0.0176015 1.6334414 1.4559642
vn 0.7071067 0.7071069 -0.0000002
v 0.0176015 2.2784417 1.4559642
vn 0.7071069 0.7071066 -0.0000002
v 0.0176015 2.2784414 0.7459641
vn 0.7071067 -0.7071069 0.0000002
v 0.0176015 2.2284415 0.7459641
vn 0.7071069 -0.7071066 0.0000002
v 0.0176015 2.2284417 1.4559642
vn -0.7071066 0.7071071 0.0000000
v -0.0073986 5.5659418 0.7459637
vn -0.7071068 -0.7071068 0.0000000
v -0.0073986 5.5159416 0.7459637
vn -0.7071066 -0.7071071 0.0000000
v -0.0073986 5.5159416 1.4559637
vn -0.7071068 0.7071068 0.0000000
v -0.0073986 5.5659418 1.4559637
vn 0.0000000 0.7071066 -0.7071069
v -0.0323985 4.9209414 1.4559639
vn 0.0000000 -0.7071070 -0.7071066
v -0.0323985 6.1609416 1.4559636
vn 0.0000000 -0.7071068 -0.7071068
v 0.0176015 6.1609416 1.4559636
vn 0.0000000 0.7071068 -0.7071067
v 0.0176015 4.9209414 1.4559639
vn 0.0000000 0.7071071 0.7071066
v -0.0323985 4.9209414 0.7459638
vn 0.0000000 0.7071068 0.7071068
v 0.0176015 4.9209414 0.7459638
vn 0.0000000 -0.7071066 0.7071069
v -0.0323985 6.1609416 0.7459636
vn 0.0000000 -0.7071068 0.7071067
v 0.0176015 6.1609416 0.7459636
vn 0.7071068 0.7071068 0.0000000
v 0.0176015 5.5659418 1.4559637
vn 0.7071066 0.7071070 0.0000000
v 0.0176015 5.5659418 0.7459637
vn 0.7071068 -0.7071068 0.0000000
v 0.0176015 5.5159416 0.7459637
vn 0.7071066 -0.7071070 0.0000000
v 0.0176015 5.5159416 1.4559637
vn 0.0000000 1.0000000 -0.0000003
v -1.8590709 -2.6778083 0.0009883
vn 0.0000000 1.0000000 -0.0000003
v -2.3657317 -2.6778083 0.0009883
vn 0.0000000 1.0000000 -0.0000002
v -2.3657317 -2.6778080 0.7084789
vn -0.3015115 0.9045339 -0.3015115
v -1.8590709 -2.6778080 0.7084789
vn 0.0000000 1.0000000 -0.0000003
v -4.1924043 -2.6778083 0.0009883
vn 0.0000000 1.0000000 -0.0000003
v -4.6990647 -2.6778083 0.0009883
vn 0.0000000 1.0000000 -0.0000002
v -4.6990647 -2.6778080 0.7084789
vn -0.3015116 0.9045339 -0.3015115
v -4.1924043 -2.6778080 0.7084789
vn 0.0000000 1.0000000 -0.0000003
v -5.2057261 -2.6778083 0.0009883
vn 0.4082488 0.8164961 -0.4082487
v -5.2057300 -2.6778080 0.7084789
vn 0.0000000 1.0000000 -0.0000004
v -5.2057281 -2.6778078 1.8027704
vn 0.0000000 1.0000000 -0.0000004
v -6.5257344 -2.6778078 1.8027704
vn 0.0000000 1.0000000 0.0000000
v -6.5257363 -2.6778078 2.2015409
vn 0.0000000 1.0000000 0.0000000
v -5.2057252 -2.6778078 2.2015409
vn 0.0000000 1.0000000 -0.0000003
v -2.8723927 -2.6778083 0.0009883
vn 0.3015113 0.9045340 -0.3015114
v -2.8723927 -2.6778080 0.7084789
vn 0.0000000 1.0000000 -0.0000004
v -2.8723927 -2.6778078 1.8027704
vn 0.0000000 1.0000000 -0.0000004
v -4.1924043 -2.6778078 1.8027704
vn 0.0000000 1.0000000 0.0000000
v -4.1924043 -2.6778078 2.2015409
vn 0.0000000 1.0000000 0.0000000
v -2.8723927 -2.6778078 2.2015409
vn 0.0000000 1.0000000 -0.0000003
v -0.5390596 -2.6778083 0.0009883
vn 0.3015115 0.9045334 -0.3015129
v -0.5390632 -2.6778080 0.7084789
vn 0.0000000 1.0000000 -0.0000004
v -0.5390596 -2.6778078 1.8027704
vn 0.0000000 1.0000000 -0.0000004
v -1.8590709 -2.6778078 1.8027704
vn 0.0000000 1.0000000 0.0000000
v -1.8590709 -2.6778078 2.2015409
vn 0.0000000 1.0000000 0.0000000
v -0.5390596 -2.6778078 2.2015409
vn 0.7071068 0.7071067 0.0000000
v -5.8407311 -2.7028079 0.7459646
vn -0.7071068 0.7071068 0.0000000
v -5.8907313 -2.7028079 0.7459646
vn -0.7071068 0.7071067 0.0000000
v -5.8907313 -2.7028079 1.4559647
vn 0.7071068 0.7071068 0.0000000
v -5.8407311 -2.7028079 1.4559647
vn 0.7071071 0.0000000 -0.7071065
v -6.4857326 -2.6778080 1.4559647
vn -0.7071071 0.0000000 -0.7071065
v -5.2457299 -2.6778080 1.4559647
vn -0.7071071 0.0000000 -0.7071065
v -5.2457299 -2.7278080 1.4559647
vn 0.7071071 0.0000000 -0.7071065
v -6.4857326 -2.7278080 1.4559647
vn 0.7071071 0.0000000 0.7071065
v -6.4857326 -2.6778080 0.7459646
vn 0.7071071 0.0000000 0.7071065
v -6.4857326 -2.7278080 0.7459646
vn -0.7071071 0.0000000 0.7071065
v -5.2457299 -2.6778080 0.7459646
vn -0.7071071 0.0000000 0.7071065
v -5.2457299 -2.7278080 0.7459646
vn 0.7071068 -0.7071068 0.0000000
v -5.8407311 -2.7278080 1.4559647
vn 0.7071068 -0.7071068 0.0000000
v -5.8407311 -2.7278080 0.7459646
vn -0.7071068 -0.7071068 0.0000000
v -5.8907313 -2.7278080 0.7459646
vn -0.7071068 -0.7071068 0.0000000
v -5.8907313 -2.7278080 1.4559647
vn 0.7071068 0.7071067 0.0000000
v -3.5073981 -2.7028079 0.7459646
vn -0.7071068 0.7071068 0.0000000
v -3.5573983 -2.7028079 0.7459646
vn -0.7071068 0.7071067 0.0000000
v -3.5573983 -2.7028079 1.4559647
vn 0.7071068 0.7071068 0.0000000
v -3.5073981 -2.7028079 1.4559647
vn 0.7071068 0.0000000 -0.7071068
v -4.1524005 -2.6778080 1.4559647
vn -0.7071071 0.0000000 -0.7071065
v -2.9123964 -2.6778080 1.4559647
vn -0.7071068 0.0000000 -0.7071068
v -2.9123964 -2.7278080 1.4559647
vn 0.7071071 0.0000000 -0.7071065
v -4.1524005 -2.7278080 1.4559647
vn 0.7071071 0.0000000 0.7071065
v -4.1524005 -2.6778080 0.7459646
vn 0.7071068 0.0000000 0.7071068
v -4.1524005 -2.7278080 0.7459646
vn -0.7071068 0.0000000 0.7071068
v -2.9123964 -2.6778080 0.7459646
vn -0.7071071 0.0000000 0.7071065
v -2.9123964 -2.7278080 0.7459646
vn 0.7071068 -0.7071068 0.0000000
v -3.5073981 -2.7278080 1.4559647
vn 0.7071068 -0.7071068 0.0000000
v -3.5073981 -2.7278080 0.7459646
vn -0.7071068 -0.7071068 0.0000000
v -3.5573983 -2.7278080 0.7459646
vn -0.7071068 -0.7071068 0.0000000
v -3.5573983 -2.7278080 1.4559647
vn 0.7071068 0.7071067 0.0000000
v -1.1740652 -2.7028079 0.7459646
vn -0.7071068 0.7071068 0.0000000
v -1.2240654 -2.7028079 0.7459646
vn -0.7071068 0.7071067 0.0000000
v -1.2240654 -2.7028079 1.4559647
vn 0.7071068 0.7071068 0.0000000
v -1.1740652 -2.7028079 1.4559647
vn -0.7071068 0.0000000 0.7071068
v -0.5790631 -2.6778080 0.7459646
vn 0.7071071 0.0000000 0.7071065
v -1.8190671 -2.6778080 0.7459646
vn 0.7071068 0.0000000 0.7071068
v -1.8190671 -2.7278080 0.7459646
vn -0.7071071 0.0000000 0.7071065
v -0.5790631 -2.7278080 0.7459646
vn 0.7071068 0.0000000 -0.7071068
v -1.8190671 -2.6778080 1.4559647
vn -0.7071071 0.0000000 -0.7071065
v -0.5790631 -2.6778080 1.4559647
vn -0.7071068 0.0000000 -0.7071068
v -0.5790631 -2.7278080 1.4559647
vn 0.7071071 0.0000000 -0.7071065
v -1.8190671 -2.7278080 1.4559647
vn 0.7071068 -0.7071068 0.0000000
v -1.1740652 -2.7278080 1.4559647
vn 0.7071068 -0.7071068 0.0000000
v -1.1740652 -2.7278080 0.7459646
vn -0.7071068 -0.7071068 0.0000000
v -1.2240654 -2.7278080 0.7459646
vn -0.7071068 -0.7071068 0.0000000
v -1.2240654 -2.7278080 1.4559647
vn -0.7071066 0.7071069 -0.0000003
v -7.0323977 -2.6778078 1.8027704
vn -0.7071066 0.7071069 0.0000000
v -7.0323977 -2.6778078 2.2015409
vn -0.3015114 0.9045342 0.3015108
v -6.5257325 -2.6778080 1.4958607
vn 0.3015115 0.9045346 0.3015094
v -0.5390596 -2.6778080 1.4958607
vn -0.7071067 0.7071069 -0.0000003
v -0.0323985 -2.6778080 1.4958607
vn 0.0000000 1.0000000 -0.0000004
v -2.3657317 -2.6778080 1.4958607
vn -0.3015114 0.9045342 0.3015108
v -1.8590709 -2.6778080 1.4958607
vn 0.0000000 1.0000000 -0.0000004
v -2.3657317 -2.6778078 1.8027704
vn 0.0000000 1.0000000 0.0000000
v -2.3657317 -2.6778078 2.2015409
vn 0.0000000 1.0000000 -0.0000004
v -4.6990647 -2.6778080 1.4958607
vn -0.3015114 0.9045342 0.3015108
v -4.1924043 -2.6778080 1.4958607
vn 0.0000000 1.0000000 -0.0000004
v -4.6990647 -2.6778078 1.8027704
vn 0.0000000 1.0000000 0.0000000
v -4.6990647 -2.6778078 2.2015409
vn -0.9045341 -0.3015113 0.3015112
v -0.0323985 -1.6940583 1.4958606
vn 0.3015116 0.9045341 0.3015109
v -5.2057300 -2.6778080 1.4958607
vn 0.3015116 0.9045341 0.3015109
v -2.8723927 -2.6778080 1.4958607
vn -1.0000000 0.0000000 0.0000000
v -0.0323985 3.8971915 1.4958599
vn -0.9045341 -0.3015113 0.3015112
v -0.0323985 4.8809414 1.4958599
vn -1.0000000 0.0000000 0.0000000
v -0.0323985 0.6096917 1.4958603
vn -0.9045341 -0.3015113 0.3015112
v -0.0323985 1.5934415 1.4958603
vn -0.9045340 0.3015116 0.3015113
v -0.0323985 -0.3740584 1.4958605
vn -0.9045340 0.3015116 0.3015113
v -0.0323985 2.9134417 1.4958601
vn -1.0000000 0.0000000 0.0000000
v -0.0323985 0.6096917 1.8027700
vn -1.0000000 0.0000000 0.0000000
v -0.0323985 0.6096916 2.2015402
vn -1.0000000 0.0000000 0.0000000
v -0.0323985 3.8971915 1.8027695
vn -1.0000000 0.0000000 0.0000000
v -0.0323985 3.8971915 2.2015400
vn -0.7071069 0.7071067 -0.0000003
v -0.0323985 -2.6778078 1.8027704
vn -0.7071067 0.7071069 0.0000000
v -0.0323985 -2.6778078 2.2015409
vn -0.7071065 0.7071071 -0.0000001
v -0.0323985 7.1846919 1.8027693
vn -0.7071071 0.7071065 0.0000008
v -0.0323985 7.1846914 2.2015395
vn -0.9045340 0.3015116 0.3015113
v -0.0323985 6.2009411 1.4958596
vn -0.7071070 0.7071066 -0.0000005
v -0.0323985 7.1846914 1.4958596
vn -0.3015115 0.9045343 0.3015104
v 0.5576014 7.1846914 1.4958596
vn 0.0000000 1.0000000 -0.0000008
v 2.4676013 7.1846914 1.4958596
vn -0.3015115 0.9045343 0.3015104
v 3.0576012 7.1846914 1.4958596
vn 0.3015117 0.9045343 0.3015104
v 1.8776015 7.1846914 1.4958596
vn 0.0000000 1.0000000 -0.0000002
v 2.4676013 7.1846919 1.8027693
vn 0.0000000 1.0000000 0.0000012
v 2.4676013 7.1846914 2.2015395
vn -0.7071067 -0.7071069 0.0000000
v -7.0323977 -7.0778074 1.8027709
vn -0.7071066 -0.7071071 0.0000005
v -7.0323977 -7.0778079 0.0009888
vn -0.7071069 -0.7071066 0.0000001
v -0.3008797 -7.0778074 1.4958612
vn -0.7071068 -0.7071068 0.0000000
v -0.3008792 -7.0778074 0.7084794
vn -0.7071067 -0.7071068 0.0000002
v -0.0323985 -7.0778074 0.7084794
vn -0.7071068 -0.7071068 0.0000000
v -0.0323985 -7.0778074 1.4958612
vn -0.7071066 -0.7071069 0.0000005
v -0.3008792 -7.0778079 0.0009888
vn -0.7071069 -0.7071066 0.0000005
v -0.0323985 -7.0778079 0.0009888
vn -0.3015113 -0.9045342 -0.3015109
v -0.3008792 -7.0778074 2.0157874
vn -0.7071068 -0.7071067 0.0000000
v -0.0323985 -7.0778074 1.8027709
vn -0.7071069 -0.7071067 0.0000005
v -0.0323985 -7.8153071 0.7084795
vn -0.7071068 -0.7071068 0.0000000
v -0.0323985 -7.8153071 1.4958613
vn -0.7071066 -0.7071071 0.0000010
v -0.0323985 -7.8153081 0.0009889
vn -0.7961113 -0.6051503 -0.0000001
v -0.0323985 -7.8153071 1.8027710
vn 0.0000000 0.0000000 0.0000000
v -0.0323985 -7.8153071 2.2015414
vn -0.5648132 -0.8252189 0.0000000
v -0.0323985 -7.0778074 2.2015414
vn 0.0000000 -1.0000000 0.0000000
v -0.3008797 -7.0778074 2.2015414
vn -0.7071068 -0.7071068 0.0000000
v -7.0323977 -7.0778074 2.2015414
vn 0.3015110 0.9045345 0.3015107
v 4.3776011 7.1846914 1.4958596
vn 0.0000000 -1.0000000 0.0000000
v -4.0791116 -7.0778074 2.2015414
vn -0.3015113 -0.9045343 -0.3015106
v -4.0791106 -7.0778074 2.0157874
vn -0.7071067 -0.7071068 0.0000000
v -3.8106322 -7.0778074 1.8009710
vn -0.5773506 -0.5773501 0.5773501
v -3.8106322 -7.0778074 2.2015414
vn 0.7071065 -0.7071071 0.0000002
v -3.2541642 -7.0778074 0.7084794
vn 0.7071068 -0.7071068 0.0000000
v -3.2541642 -7.0778074 1.4958612
vn 0.7071066 -0.7071070 0.0000000
v -3.2541642 -7.0952725 1.4958612
vn 0.7071069 -0.7071067 0.0000005
v -3.2541642 -7.0952725 0.7084794
vn -0.7071072 -0.7071065 0.0000002
v -4.0791116 -7.0778074 1.4958612
vn -0.7071066 -0.7071070 0.0000000
v -3.8106322 -7.0778074 1.4958612
vn -0.7071069 -0.7071066 0.0000000
v -3.8106322 -7.0952725 1.8009710
vn -0.5773503 -0.5773503 0.5773502
v -3.8106322 -7.0952725 2.2015414
vn -0.7071067 -0.7071068 -0.0000002
v -4.0791106 -7.0778074 0.7084794
vn -0.7071066 -0.7071069 0.0000005
v -4.0791106 -7.0778079 0.0009888
vn -0.7071069 -0.7071066 0.0000005
v -3.8106322 -7.0778079 0.0009888
vn -0.7071070 -0.7071066 0.0000002
v -3.8106322 -7.0778074 0.7084794
vn 0.7071069 -0.7071066 0.0000000
v -3.2541642 -7.0778074 1.8009710
vn 0.7071068 -0.7071068 0.0000000
v -3.2541642 -7.0952725 1.8009710
vn -0.7071067 -0.7071069 0.0000005
v -3.8106322 -7.0952725 0.7084794
vn -0.7071068 -0.7071068 0.0000000
v -3.8106322 -7.0952725 1.4958612
vn 0.7071069 -0.7071066 0.0000002
v -6.7639155 -7.0778074 0.7084794
vn 0.7071068 -0.7071068 0.0000000
v -6.7639155 -7.0778074 1.4958612
vn 0.3015113 -0.9045340 -0.3015113
v -6.7639155 -7.0778074 2.0157874
vn 0.7068749 0.7073386 0.0000000
v -6.7639155 -6.9651279 1.4958612
vn 0.3011519 0.9046419 -0.3015472
v -6.7639155 -6.9651279 2.0157874
vn 0.7071066 -0.7071070 0.0000005
v -6.7639155 -7.0778079 0.0009888
vn -0.7071066 0.7071070 -0.0000007
v -4.0791106 -6.9651279 0.7084794
vn -0.7071069 0.7071066 -0.0000005
v -4.0791106 -6.9651284 0.0009888
vn 0.0000000 -1.0000000 0.0000000
v -6.7639155 -7.0778074 2.2015414
vn 0.5773503 -0.5773503 0.5773502
v -3.2541642 -7.0778074 2.2015414
vn 0.3015113 -0.9045337 -0.3015122
v -2.9856834 -7.0778074 2.0157874
vn 0.0000000 -1.0000000 0.0000000
v -2.9856849 -7.0778074 2.2015414
vn 0.7071063 -0.7071074 -0.0000003
v -2.9856849 -7.0778074 1.4958612
vn -0.7071069 0.7071066 0.0000001
v -0.3008797 -6.9651279 1.4958612
vn -0.7071066 0.7071069 -0.0000005
v -0.3008792 -6.9651279 0.7084794
vn 0.7071066 -0.7071070 0.0000005
v -3.2541642 -7.0778079 0.0009888
vn 0.7071067 -0.7071069 0.0000005
v -2.9856834 -7.0778079 0.0009888
vn 0.7071071 -0.7071065 0.0000009
v -2.9856834 -7.0778074 0.7084794
vn 0.7068751 0.7073384 -0.0000005
v -6.7639155 -6.9651284 0.0009888
vn 0.7068749 0.7073386 -0.0000002
v -6.7639155 -6.9651279 0.7084794
vn 0.7071069 0.7071066 0.0000004
v -2.9856834 -6.9651279 0.7084794
vn 0.7071063 0.7071074 -0.0000003
v -2.9856849 -6.9651279 1.4958612
vn -0.3015113 0.9045343 -0.3015108
v -4.0791106 -6.9651279 2.0157874
vn -0.7071072 0.7071065 0.0000002
v -4.0791116 -6.9651279 1.4958612
vn 0.3015114 0.9045337 -0.3015122
v -2.9856834 -6.9651279 2.0157874
vn -0.4082482 0.8164968 -0.4082479
v -0.3008792 -6.9651279 2.0157874
vn 0.7071070 0.7071066 -0.0000005
v -2.9856834 -6.9651284 0.0009888
vn -0.7071069 0.7071067 -0.0000005
v -0.3008792 -6.9651284 0.0009888
vn 0.5773506 -0.5773501 0.5773501
v -3.2541642 -7.0952725 2.2015414
vn -0.7071066 -0.7071069 0.0000010
v -3.8106322 -7.0952735 0.0009888
vn 0.7071065 -0.7071071 0.0000010
v -3.2541642 -7.0952735 0.0009888
vn 0.7071069 -0.7071066 -0.0000005
v 4.9676166 -7.8153071 1.4958613
vn 0.7071067 -0.7071069 -0.0000001
v 4.9676166 -7.8153076 1.8027710
vn 0.7071062 -0.7071074 0.0000000
v 4.9676156 -7.8153081 0.0009889
vn 0.7071071 -0.7071065 -0.0000000
v 4.9676166 -7.8153071 0.7084795
vn 0.7071066 -0.7071069 0.0000008
v 4.9676161 -7.8153076 2.2015414
vn 0.7071065 -0.7071071 -0.0000001
v 4.9676166 -0.3153077 0.7084786
vn 0.7071065 -0.7071071 -0.0000006
v 4.9676166 -0.3153076 1.4958605
vn 0.7071068 -0.7071068 -0.0000001
v 4.9676166 -0.3153081 1.8027701
vn 0.7071072 -0.7071063 -0.0000004
v 4.9676156 -0.3153083 0.0009880
vn 0.7299247 -0.6835276 0.0000010
v 4.9676161 -0.3153080 2.2015405
vn 1.0000000 0.0000000 0.0000006
v 4.9676166 6.4346924 1.8027693
vn 1.0000000 0.0000000 0.0000000
v 9.9676161 6.4346924 1.5527686
vn 1.0000000 0.0000000 0.0000000
v 9.9676161 6.4346924 1.2458590
vn 0.7071069 -0.7071066 -0.0000002
v 9.9676161 -0.3153077 0.7084781
vn 0.7071070 -0.7071066 -0.0000004
v 9.9676161 -0.3153077 1.2458599
vn 1.0000000 -0.0000000 -0.0000013
v 4.9676156 6.4346919 0.0009872
vn 1.0000000 -0.0000000 -0.0000007
v 9.9676161 6.4346924 0.7084773
vn 1.0000000 -0.0000000 -0.0000013
v 9.9676151 6.4346919 0.0009872
vn 0.7071066 0.7071070 -0.0000014
v 4.9676156 7.1846919 0.0009871
vn 1.0000000 0.0000000 0.0000012
v 4.9676161 6.4346924 2.2015395
vn 0.7071065 -0.7071071 -0.0000005
v 9.9676161 -0.3153081 1.5527694
vn 0.7071062 -0.7071074 -0.0000004
v 9.9676151 -0.3153083 0.0009880
vn 0.6850012 -0.7285420 0.0000000
v 9.9676161 -0.3153081 1.7006501
vn 1.0000000 0.0000000 0.0000000
v 9.9676161 6.4346924 1.7006493
vn -0.3015071 0.9045370 -0.3015070
v 4.3376012 7.1996918 1.4559636
vn -0.3015071 0.9045372 0.3015062
v 4.3376012 7.1996918 0.7459635
vn -0.5773507 0.5773498 0.5773503
v -6.5257325 -2.6628079 1.4958607
vn -0.5773504 0.5773503 -0.5773501
v -6.5257325 -2.6628079 0.7084789
vn 0.3015115 0.9045340 0.3015115
v -1.8190671 -2.6628079 0.7459646
vn 0.3015113 0.9045342 -0.3015109
v -1.8190671 -2.6628079 1.4559647
vn -0.5773519 0.5773476 0.5773515
v 0.5576014 7.1996913 1.4958596
vn -0.5773513 0.5773485 -0.5773510
v 0.5576014 7.1996913 0.7084777
vn -0.3015114 0.9045342 0.3015110
v -5.2457299 -2.6628079 0.7459646
vn 0.3015115 0.9045340 0.3015115
v -6.4857326 -2.6628079 0.7459646
vn -0.3015114 0.9045340 -0.3015114
v -0.5790631 -2.6628079 1.4559647
vn -0.3015114 0.9045342 0.3015110
v -0.5790631 -2.6628079 0.7459646
vn -0.3015114 0.9045340 -0.3015114
v -5.2457299 -2.6628079 1.4559647
vn 0.3015113 0.9045342 -0.3015109
v -4.1524005 -2.6628079 1.4559647
vn -0.3015113 0.9045341 -0.3015113
v -2.9123964 -2.6628079 1.4559647
vn -0.5773504 0.5773504 0.5773500
v -0.0473986 6.2009411 1.4958596
vn -0.5773498 -0.5773507 0.5773503
v -0.0473986 4.8809414 1.4958599
vn -0.9045340 -0.3015115 -0.3015113
v -0.0473986 2.8734417 1.4559641
vn -0.9045342 -0.3015114 0.3015111
v -0.0473986 2.8734415 0.7459640
vn -0.5773503 -0.5773504 -0.5773501
v -0.0473986 1.5934415 0.7084783
vn -0.5773507 0.5773502 -0.5773500
v -0.0473986 2.9134414 0.7084782
vn -0.5773503 0.5773505 0.5773500
v -0.0473986 2.9134417 1.4958601
vn -0.5773498 -0.5773507 0.5773503
v -0.0473986 1.5934415 1.4958603
vn -0.9045342 0.3015114 -0.3015110
v -0.0473986 1.6334414 1.4559642
vn -0.9045341 -0.3015114 0.3015110
v -0.0473986 -0.4140584 0.7459644
vn -0.9045341 0.3015113 0.3015113
v -0.0473986 -1.6540583 0.7459645
vn -0.5773504 0.5773505 0.5773500
v -0.0473986 -0.3740584 1.4958605
vn -0.5773498 -0.5773507 0.5773503
v -0.0473986 -1.6940583 1.4958606
vn -0.5773507 0.5773503 -0.5773499
v -0.0473986 6.2009411 0.7084779
vn -0.9045341 0.3015113 0.3015113
v -0.0473986 1.6334414 0.7459641
vn -0.9045342 -0.3015113 0.3015110
v -0.0473986 6.1609416 0.7459636
vn -0.9045341 0.3015113 0.3015113
v -0.0473986 4.9209414 0.7459638
vn -0.9045340 -0.3015115 -0.3015113
v -0.0473986 -0.4140583 1.4559644
vn 0.5773515 0.5773480 0.5773513
v 4.3776011 7.1996913 1.4958596
vn -0.5773520 0.5773475 0.5773515
v 3.0576012 7.1996913 1.4958596
vn 0.5773504 0.5773503 0.5773501
v -5.2057300 -2.6628079 1.4958607
vn -0.3015114 0.9045342 0.3015110
v -2.9123964 -2.6628079 0.7459646
vn 0.3015115 0.9045340 0.3015115
v -4.1524005 -2.6628079 0.7459646
vn 0.5773506 0.5773501 -0.5773501
v -2.8723927 -2.6628079 0.7084789
vn 0.5773504 0.5773503 0.5773501
v -2.8723927 -2.6628079 1.4958607
vn -0.5773507 0.5773499 0.5773503
v -4.1924043 -2.6628079 1.4958607
vn -0.5773502 0.5773507 -0.5773499
v -4.1924043 -2.6628079 0.7084789
vn 0.3015114 0.9045342 -0.3015110
v -6.4857326 -2.6628079 1.4559647
vn 0.5773515 0.5773482 -0.5773512
v 1.8776013 7.1996913 0.7084777
vn 0.5773516 0.5773480 0.5773512
v 1.8776015 7.1996913 1.4958596
vn 0.5773518 0.5773501 0.5773489
v -0.5390596 -2.6628079 1.4958607
vn -0.5773507 0.5773499 0.5773503
v -1.8590709 -2.6628079 1.4958607
vn 0.5773509 0.5773497 -0.5773504
v -5.2057300 -2.6628079 0.7084789
vn -0.3015114 -0.9045342 -0.3015109
v 0.5576014 7.1346912 0.7084777
vn 0.3015118 -0.9045339 -0.3015113
v 1.8776013 7.1346912 0.7084777
vn 0.5773488 -0.5773532 -0.5773488
v 1.8776013 7.1196914 0.7084777
vn -0.5773492 -0.5773529 -0.5773488
v 0.5576014 7.1196914 0.7084777
vn -0.3015116 -0.9045340 0.3015113
v -6.5257325 -2.7278080 1.4958607
vn -0.4082483 -0.8164967 -0.4082480
v -6.5257325 -2.7278080 0.7084789
vn -0.5773506 -0.5773501 -0.5773502
v -6.5257325 -2.7428081 0.7084789
vn -0.5773505 -0.5773501 0.5773502
v -6.5257325 -2.7428081 1.4958607
vn -0.3015114 -0.9045340 0.3015113
v -5.2457299 -2.7428081 0.7459646
vn -0.3015114 -0.9045341 -0.3015110
v -5.2457299 -2.7428081 1.4559647
vn 0.3015113 -0.9045341 -0.3015113
v -4.1524005 -2.7428081 1.4559647
vn 0.3015115 -0.9045341 0.3015111
v -4.1524005 -2.7428081 0.7459646
vn 0.3015114 -0.9045341 0.3015112
v 1.8776015 7.1346912 1.4958596
vn -0.3015116 -0.9045340 0.3015113
v 0.5576014 7.1346912 1.4958596
vn -0.5773494 -0.5773524 0.5773492
v 0.5576014 7.1196914 1.4958596
vn 0.5773495 -0.5773523 0.5773489
v 1.8776015 7.1196914 1.4958596
vn 0.4082485 -0.8164966 -0.4082481
v -5.2057300 -2.7278080 0.7084789
vn 0.3015114 -0.9045341 0.3015112
v -5.2057300 -2.7278080 1.4958607
vn 0.5773506 -0.5773501 0.5773501
v -5.2057300 -2.7428081 1.4958607
vn 0.5773506 -0.5773500 -0.5773503
v -5.2057300 -2.7428081 0.7084789
vn 0.3015114 -0.9045340 -0.3015113
v -6.4857326 -2.7428081 1.4559647
vn -0.3015114 -0.9045340 0.3015113
v -0.5790631 -2.7428081 0.7459646
vn -0.3015114 -0.9045341 -0.3015110
v -0.5790631 -2.7428081 1.4559647
vn 0.9045342 0.3015113 0.3015109
v 0.0326016 -1.6540583 0.7459645
vn 0.9045340 -0.3015114 0.3015114
v 0.0326016 -0.4140584 0.7459644
vn 0.9045340 -0.3015115 0.3015113
v 0.0176015 1.5934415 1.4958603
vn 0.9045341 -0.3015114 -0.3015112
v 0.0176015 1.5934415 0.7084783
vn 0.5773501 -0.5773507 -0.5773502
v 0.0326016 1.5934415 0.7084783
vn 0.5773501 -0.5773505 0.5773503
v 0.0326016 1.5934415 1.4958603
vn 0.9045339 0.3015116 -0.3015114
v 0.0176015 2.9134414 0.7084782
vn 0.5773509 0.5773500 -0.5773500
v 0.0326016 2.9134414 0.7084782
vn 0.9045341 -0.3015115 -0.3015110
v 0.0326016 2.8734417 1.4559641
vn 0.9045340 0.3015113 -0.3015113
v 0.0326016 1.6334414 1.4559642
vn 0.9045341 -0.3015115 -0.3015110
v 0.0326016 -0.4140583 1.4559644
vn 0.9045340 -0.3015116 0.3015113
v 0.0176015 -1.6940583 1.4958606
vn 0.9045341 -0.3015114 -0.3015112
v 0.0176015 -1.6940583 0.7084787
vn 0.5773501 -0.5773507 -0.5773502
v 0.0326016 -1.6940583 0.7084787
vn 0.5773501 -0.5773505 0.5773502
v 0.0326016 -1.6940583 1.4958606
vn 0.9045340 -0.3015115 0.3015113
v 0.0176015 4.8809414 1.4958599
vn 0.9045341 -0.3015114 -0.3015113
v 0.0176015 4.8809414 0.7084780
vn 0.5773501 -0.5773507 -0.5773502
v 0.0326016 4.8809414 0.7084780
vn 0.5773501 -0.5773505 0.5773503
v 0.0326016 4.8809414 1.4958599
vn 0.9045342 0.3015113 0.3015109
v 0.0326016 1.6334414 0.7459641
vn 0.9045341 -0.3015115 -0.3015110
v 0.0326016 6.1609416 1.4559636
vn 0.9045340 0.3015113 -0.3015113
v 0.0326016 4.9209414 1.4559639
vn 0.9045341 0.3015114 0.3015111
v 0.0176015 2.9134417 1.4958601
vn 0.5773501 0.5773507 0.5773501
v 0.0326016 2.9134417 1.4958601
vn 0.9045342 0.3015114 0.3015109
v 0.0326016 4.9209414 0.7459638
vn 0.9045340 -0.3015113 0.3015113
v 0.0326016 6.1609416 0.7459636
vn 0.9045340 -0.3015113 0.3015114
v 0.0326016 2.8734415 0.7459640
vn 0.3015113 -0.9045341 -0.3015113
v -1.8190671 -2.7428081 1.4559647
vn -0.3015116 -0.9045340 0.3015113
v 3.0576012 7.1346912 1.4958596
vn -0.3015116 -0.9045341 -0.3015110
v 3.0576012 7.1346912 0.7084777
vn -0.5773495 -0.5773523 -0.5773490
v 3.0576012 7.1196914 0.7084777
vn -0.5773494 -0.5773523 0.5773491
v 3.0576012 7.1196914 1.4958596
vn 0.3015115 -0.9045341 0.3015111
v -1.8190671 -2.7428081 0.7459646
vn 0.3015115 -0.9045341 0.3015111
v -6.4857326 -2.7428081 0.7459646
vn 0.3015116 -0.9045341 -0.3015110
v 4.3776011 7.1346912 0.7084777
vn 0.3015114 -0.9045341 0.3015113
v 4.3776011 7.1346912 1.4958596
vn 0.5773495 -0.5773523 0.5773489
v 4.3776011 7.1196914 1.4958596
vn 0.5773489 -0.5773532 -0.5773488
v 4.3776011 7.1196914 0.7084777
vn -0.3015158 -0.9045312 -0.3015155
v 4.3376012 7.1196918 1.4559636
vn 0.3015158 -0.9045311 -0.3015158
v 3.0976012 7.1196918 1.4559636
vn 0.3015155 -0.9045312 0.3015157
v 3.0976012 7.1196918 0.7459635
vn -0.3015157 -0.9045310 0.3015162
v 4.3376012 7.1196918 0.7459635
vn 0.9045341 0.3015115 0.3015113
v 0.0176015 6.2009411 1.4958596
vn 1.0000000 0.0000000 0.0000000
v 0.0176015 6.2009411 1.8028443
vn 1.0000000 0.0000000 0.0000000
v 0.0176015 4.8809414 1.8028445
vn 0.3015113 -0.9045346 0.3015098
v -0.5390596 -2.7278080 1.4958607
vn 0.0000002 -1.0000000 0.0000002
v -0.5390596 -2.7278080 1.8028454
vn -0.0000002 -1.0000000 0.0000002
v -1.8590709 -2.7278080 1.8028454
vn -0.3015116 -0.9045339 0.3015114
v -1.8590709 -2.7278080 1.4958607
vn 0.0000002 -1.0000000 0.0000004
v -5.2057300 -2.7278080 1.8028454
vn 0.0000000 -1.0000000 0.0000003
v -6.5257325 -2.7278080 1.8028454
vn 0.3015114 -0.9045341 0.3015113
v -2.8723927 -2.7278080 1.4958607
vn 0.0000002 -1.0000000 0.0000004
v -2.8723927 -2.7278080 1.8028454
vn -0.0000002 -1.0000000 0.0000004
v -4.1924043 -2.7278080 1.8028454
vn -0.3015116 -0.9045340 0.3015113
v -4.1924043 -2.7278080 1.4958607
vn 0.9045341 0.3015114 0.3015112
v 0.0176015 -0.3740584 1.4958605
vn 1.0000000 0.0000000 0.0000000
v 0.0176015 -0.3740584 1.8028451
vn 1.0000000 0.0000000 0.0000000
v 0.0176015 -1.6940582 1.8028452
vn 0.0000000 -1.0000000 0.0000000
v 4.3776011 7.1346912 1.8028443
vn -0.0000003 -1.0000000 0.0000001
v 3.0576012 7.1346912 1.8028443
vn 1.0000000 0.0000000 0.0000000
v 0.0176015 2.9134417 1.8028448
vn 1.0000000 0.0000000 0.0000000
v 0.0176015 1.5934415 1.8028449
vn 0.0000003 -1.0000000 0.0000001
v 1.8776015 7.1346912 1.8028443
vn 0.0000000 -1.0000000 0.0000000
v 0.5576014 7.1346912 1.8028443
vn 0.0000000 -1.0000000 0.0000006
v -0.5390596 -2.7278078 2.2015407
vn 0.0000000 -1.0000000 0.0000006
v -1.8590709 -2.7278078 2.2015407
vn 0.0000001 -1.0000000 0.0000005
v -5.2057300 -2.7278078 2.2015407
vn 0.0000000 -1.0000000 0.0000006
v -6.5257325 -2.7278078 2.2015407
vn 1.0000000 0.0000000 0.0000000
v 0.0176015 2.9134417 2.2015402
vn 1.0000000 0.0000000 0.0000000
v 0.0176015 1.5934416 2.2015402
vn 0.0000003 -1.0000000 -0.0000002
v 1.8776015 7.1346912 2.2015395
vn 0.0000000 -1.0000000 0.0000000
v 0.5576014 7.1346912 2.2015395
vn 0.0000001 -1.0000000 0.0000005
v -2.8723927 -2.7278078 2.2015407
vn -0.0000001 -1.0000000 0.0000005
v -4.1924043 -2.7278078 2.2015407
vn 1.0000000 0.0000000 0.0000000
v 0.0176015 6.2009411 2.2015398
vn 1.0000000 0.0000000 0.0000000
v 0.0176015 4.8809419 2.2015398
vn 1.0000000 0.0000000 0.0000000
v 0.0176015 -0.3740583 2.2015405
vn 1.0000000 0.0000000 0.0000000
v 0.0176015 -1.6940582 2.2015407
vn 0.0000000 -1.0000000 0.0000000
v 4.3776016 7.1346912 2.2015395
vn -0.0000003 -1.0000000 -0.0000002
v 3.0576012 7.1346912 2.2015395
vn -0.3015114 -0.9045341 -0.3015110
v -4.1924043 -2.7278080 0.7084789
vn 0.0000000 -1.0000000 0.0000003
v -4.1924043 -2.7278082 0.0009883
vn 0.0000000 -1.0000000 0.0000003
v -2.8723927 -2.7278082 0.0009883
vn 0.3015116 -0.9045340 -0.3015111
v -2.8723927 -2.7278080 0.7084789
vn 1.0000000 0.0000000 0.0000000
v 0.0176015 -1.6940584 0.0009882
vn 1.0000000 0.0000000 0.0000000
v 0.0176015 -0.3740586 0.0009880
vn 0.9045340 0.3015116 -0.3015114
v 0.0176015 -0.3740585 0.7084786
vn -0.0000008 -1.0000000 0.0000007
v 3.0576012 7.1346908 0.0009871
vn 0.0000000 -1.0000000 0.0000007
v 4.3776011 7.1346908 0.0009871
vn 0.0000000 -1.0000000 0.0000007
v 0.5576014 7.1346908 0.0009871
vn 0.0000008 -1.0000000 0.0000007
v 1.8776013 7.1346908 0.0009871
vn 1.0000000 0.0000000 0.0000000
v 0.0176015 1.5934415 0.0009878
vn 1.0000000 0.0000000 0.0000000
v 0.0176015 2.9134414 0.0009876
vn 1.0000000 0.0000000 0.0000000
v 0.0176015 4.8809409 0.0009874
vn 1.0000000 0.0000000 0.0000000
v 0.0176015 6.2009406 0.0009872
vn 0.9045340 0.3015116 -0.3015113
v 0.0176015 6.2009411 0.7084779
vn -0.3015114 -0.9045342 -0.3015110
v -1.8590709 -2.7278080 0.7084789
vn 0.0000000 -1.0000000 0.0000003
v -1.8590709 -2.7278082 0.0009883
vn 0.0000000 -1.0000000 0.0000003
v -0.5390632 -2.7278082 0.0009883
vn 0.3015117 -0.9045335 -0.3015127
v -0.5390632 -2.7278080 0.7084789
vn 0.0000000 -1.0000000 0.0000003
v -6.5257325 -2.7278082 0.0009883
vn 0.0000000 -1.0000000 0.0000003
v -5.2057300 -2.7278082 0.0009883
vn 1.0000000 0.0000000 0.0000000
v 0.0176015 3.8971913 0.0009875
vn 1.0000000 0.0000000 0.0000000
v 0.0176015 3.8971913 0.7084781
vn 1.0000000 0.0000000 0.0000000
v 0.0176015 3.8971915 1.4958599
vn 1.0000000 0.0000000 0.0000000
v 0.0176015 3.8971915 1.8027695
vn 1.0000000 0.0000000 0.0000000
v 0.0176015 3.8971915 2.2015400
vn 0.0000000 -1.0000000 0.0000000
v -4.6990647 -2.7278078 2.2015407
vn -0.0000000 -1.0000000 0.0000005
v -4.6990647 -2.7278078 1.8027704
vn 0.0000000 -1.0000000 0.0000004
v -2.3657317 -2.7278078 1.8027704
vn -0.0000001 -1.0000000 0.0000001
v -2.3657317 -2.7278078 2.2015407
vn 0.0000001 -1.0000000 0.0000003
v -2.3657317 -2.7278080 1.4958607
vn 0.0000000 -1.0000000 0.0000002
v -2.3657317 -2.7278080 0.7084789
vn 0.0000000 -1.0000000 0.0000003
v -2.3657317 -2.7278082 0.0009883
vn -0.0000000 -1.0000000 0.0000003
v -4.6990647 -2.7278080 1.4958607
vn 0.0000000 -1.0000000 0.0000002
v -4.6990647 -2.7278080 0.7084789
vn 0.0000000 -1.0000000 0.0000003
v -4.6990647 -2.7278082 0.0009883
vn 1.0000000 0.0000000 0.0000000
v 0.0176015 0.6096917 1.8027700
vn 1.0000000 0.0000000 0.0000000
v 0.0176015 0.6096916 2.2015402
vn 0.3826834 -0.9238796 0.0000003
v -0.0323985 -2.7278078 1.8027704
vn 0.3826838 -0.9238794 0.0000001
v -0.0323985 -2.7278078 2.2015407
vn 0.3826832 -0.9238796 0.0000004
v -0.0323985 -2.7278080 1.4958607
vn 0.3826833 -0.9238796 0.0000002
v -0.0323985 -2.7278080 0.7084789
vn 0.3826832 -0.9238797 0.0000003
v -0.0323985 -2.7278082 0.0009883
vn 0.9238794 -0.3826836 0.0000001
v 0.0176015 -2.6778080 0.7084789
vn 0.9238794 -0.3826837 0.0000001
v 0.0176015 -2.6778083 0.0009883
vn 0.9238794 -0.3826838 0.0000001
v 0.0176015 -2.6778080 1.4958607
vn 0.9238795 -0.3826836 0.0000001
v 0.0176015 -2.6778078 1.8027704
vn 0.9238796 -0.3826833 0.0000000
v 0.0176015 -2.6778078 2.2015409
vn 1.0000000 0.0000000 0.0000000
v 0.0176015 0.6096917 1.4958603
vn 1.0000000 0.0000000 0.0000000
v 0.0176015 0.6096916 0.7084785
vn 1.0000000 0.0000000 0.0000000
v 0.0176015 0.6096914 0.0009879
vn 0.7071067 -0.7071069 0.0000002
v 0.0176015 7.1346912 0.7084777
vn 0.7071069 -0.7071066 0.0000005
v 0.0176015 7.1346908 0.0009871
vn 0.7071068 -0.7071067 0.0000000
v 0.0176015 7.1346912 1.4958596
vn 0.7071068 -0.7071067 0.0000000
v 0.0176015 7.1346912 1.8028443
vn 0.7071068 -0.7071067 0.0000000
v 0.0176015 7.1346912 2.2015395
vn 0.0000000 -1.0000000 0.0000004
v 2.4676013 7.1346917 1.8027693
vn 0.0000000 -1.0000000 -0.0000012
v 2.4676013 7.1346912 2.2015395
vn 0.0000000 -1.0000000 0.0000005
v 2.4676013 7.1346912 1.4958596
vn 0.0000000 -1.0000000 -0.0000003
v 2.4676013 7.1346912 0.7084777
vn -0.0000000 -1.0000000 0.0000001
v 2.4676013 7.1346917 0.0009871
vn -0.7071071 -0.7071065 -0.0000000
v 4.9276013 7.1346908 0.0009871
vn -0.7071066 -0.7071071 0.0000002
v 4.9276009 7.1346912 0.7084777
vn -0.7071069 -0.7071066 -0.0000004
v 4.9276013 7.1346912 1.8028443
vn -0.7071066 -0.7071071 -0.0000008
v 4.9276009 7.1346912 2.2015395
vn -0.7071069 -0.7071067 0.0000002
v 4.9276013 7.1346912 1.4958596
vn -1.0000000 -0.0000000 -0.0000000
v 4.9276009 6.3846912 0.7084778
vn -1.0000000 0.0000000 0.0000003
v 4.9276013 6.3846912 1.4958596
vn -1.0000000 -0.0000000 -0.0000007
v 4.9276013 6.3846908 0.0009872
vn -1.0000000 0.0000000 -0.0000006
v 4.9276013 6.3846912 1.8028443
vn -1.0000000 0.0000000 -0.0000012
v 4.9276009 6.3846912 2.2015395
vn 0.7071068 -0.7071068 0.0000001
v -6.9857326 -2.7278080 0.7084789
vn 0.7071068 -0.7071068 0.0000002
v -6.9857326 -2.7278082 0.0009883
vn 0.7071068 -0.7071068 0.0000002
v -6.9857326 -2.7278080 1.8028454
vn 0.7071067 -0.7071069 0.0000000
v -6.9857326 -2.7278080 1.4958607
vn 0.7071066 -0.7071069 0.0000004
v -6.9857326 -2.7278078 2.2015407
vn 0.7068749 0.7073386 0.0000000
v -6.9857326 -6.9652734 2.2015414
vn 0.7068749 0.7073386 0.0000000
v -6.9857326 -6.9652734 1.8028458
vn 0.7068749 0.7073386 0.0000000
v -6.9857326 -6.9652734 1.4958612
vn 0.7068749 0.7073386 -0.0000002
v -6.9857326 -6.9652734 0.7084794
vn 0.7068748 0.7073387 -0.0000005
v -6.9857326 -6.9652739 0.0009888
vn 0.0000000 1.0000000 0.0000000
v -2.9856834 -6.9651279 2.2015414
vn 0.0000000 1.0000000 0.0000000
v -0.3008792 -6.9651279 2.2015414
vn -0.0003278 1.0000000 0.0000000
v -6.7639155 -6.9651279 2.2015414
vn 0.0000000 1.0000000 0.0000000
v -4.0791106 -6.9651279 2.2015414
vn 0.6097438 0.7925986 -0.0000005
v 0.0991208 -6.9651279 2.0157874
vn 0.7071066 0.7071069 -0.0000002
v 0.0991204 -6.9651279 1.4958612
vn 0.0000000 0.0000000 0.0000000
v 0.0991208 -6.9651279 2.2015414
vn 0.7071068 0.7071068 -0.0000001
v 0.0991208 -6.9651279 0.7084794
vn 0.7071069 0.7071067 -0.0000005
v 0.0991208 -6.9651284 0.0009888
vn 0.7071070 0.7071066 -0.0000003
v 0.0991204 -7.5272326 1.4958613
vn 0.7071068 0.7071068 -0.0000001
v 0.0991208 -7.5272326 0.7084794
vn 0.7760970 0.6306136 -0.0000008
v 0.0991208 -7.5272326 1.8026760
vn 0.0000000 0.0000000 0.0000000
v 0.0991208 -7.5272326 2.2015414
vn 0.7071066 0.7071069 -0.0000005
v 0.0991208 -7.5272331 0.0009889
vn 0.0000000 1.0000000 0.0000000
v 1.6726514 -7.5272326 2.2015414
vn 0.0000000 1.0000000 0.0000000
v 3.2625515 -7.5272326 2.2015414
vn -0.7071068 0.7071068 0.0000000
v 4.8625512 -7.5272326 2.2015414
vn -0.7071064 0.7071072 -0.0000011
v 4.8625512 -7.5272326 1.8026772
vn -0.7071069 0.7071066 0.0000002
v 4.8625522 -7.5272326 0.7084794
vn -0.7071064 0.7071072 0.0000005
v 4.8625512 -7.5272331 0.0009889
vn -0.7071072 0.7071064 -0.0000011
v 4.8625522 -7.5272326 1.4958613
vn -0.7071065 0.7071071 -0.0000012
v 4.8625522 -0.2272329 1.4958605
vn -0.7071067 0.7071069 0.0000004
v 4.8625522 -0.2272331 0.7084786
vn -0.7294074 0.6840796 0.0000000
v 4.8625512 -0.2272329 2.2015405
vn -0.7071070 0.7071066 -0.0000011
v 4.8625512 -0.2272329 1.8026763
vn -0.7071071 0.7071065 0.0000010
v 4.8625512 -0.2272331 0.0009880
vn -0.7071068 0.7071069 -0.0000002
v 9.8722944 -0.2272330 1.5573843
vn -0.7071067 0.7071069 -0.0000001
v 9.8722944 -0.2272330 1.2505684
vn -0.7071068 0.7071068 -0.0000001
v 9.8722944 -0.2272331 0.7084786
vn -0.6854867 0.7280852 -0.0000004
v 9.8722944 -0.2272329 1.7109563
vn -0.7071068 0.7071068 0.0000000
v 9.8722944 -0.2272331 0.0009880
vn -1.0000000 0.0000000 0.0000000
v 9.8722944 6.3846912 0.7084778
vn -1.0000000 0.0000000 0.0000000
v 9.8722944 6.3846912 1.2505676
vn -1.0000000 0.0000000 0.0000000
v 9.8722944 6.3846908 0.0009872
vn -1.0000000 0.0000000 0.0000000
v 9.8722944 6.3846912 1.5575522
vn -1.0000000 0.0000000 0.0000000
v 9.8722944 6.3846912 1.7109555
vn 0.3015156 -0.9045312 0.3015158
v 0.5976015 7.1196918 0.7459635
vn 0.3015157 -0.9045312 -0.3015157
v 0.5976015 7.1196918 1.4559636
vn -0.3015158 -0.9045312 -0.3015155
v 1.8376014 7.1196918 1.4559636
vn -0.3015157 -0.9045310 0.3015162
v 1.8376014 7.1196918 0.7459635
vn -0.5773504 -0.5773505 -0.5773499
v -4.1924043 -2.7428081 0.7084789
vn -0.5773505 -0.5773502 0.5773502
v -4.1924043 -2.7428081 1.4958607
vn -0.5773504 -0.5773505 -0.5773499
v -1.8590709 -2.7428081 0.7084789
vn -0.5773505 -0.5773502 0.5773502
v -1.8590709 -2.7428081 1.4958607
vn 0.5773504 -0.5773503 -0.5773501
v -2.8723927 -2.7428081 0.7084789
vn 0.5773506 -0.5773501 0.5773501
v -2.8723927 -2.7428081 1.4958607
vn -0.3015114 -0.9045342 -0.3015110
v -2.9123964 -2.7428081 1.4559647
vn -0.3015114 -0.9045340 0.3015113
v -2.9123964 -2.7428081 0.7459646
vn 0.5773492 -0.5773501 -0.5773516
v -0.5390632 -2.7428081 0.7084789
vn 0.5773520 -0.5773499 0.5773489
v -0.5390596 -2.7428081 1.4958607
vn 0.9045340 0.3015113 -0.3015113
v 0.0326016 -1.6540583 1.4559646
vn 0.5773510 0.5773501 -0.5773499
v 0.0326016 -0.3740585 0.7084786
vn 0.5773501 0.5773507 0.5773501
v 0.0326016 -0.3740584 1.4958605
vn 0.5773510 0.5773500 -0.5773498
v 0.0326016 6.2009411 0.7084779
vn 0.5773501 0.5773506 0.5773501
v 0.0326016 6.2009411 1.4958596
vn 0.3015069 0.9045372 -0.3015065
v 0.5976015 7.1996918 1.4559636
vn 0.3015070 0.9045371 0.3015064
v 0.5976015 7.1996918 0.7459635
vn -0.5773516 0.5773479 -0.5773513
v 3.0576012 7.1996913 0.7084777
vn 0.3015070 0.9045371 -0.3015066
v 3.0976012 7.1996918 1.4559636
vn 0.3015070 0.9045372 0.3015064
v 3.0976012 7.1996918 0.7459635
vn -0.3015071 0.9045372 0.3015062
v 1.8376014 7.1996918 0.7459635
vn -0.3015071 0.9045370 -0.3015070
v 1.8376014 7.1996918 1.4559636
vn 0.5773516 0.5773482 -0.5773510
v 4.3776011 7.1996913 0.7084777
vn -0.5773502 0.5773507 -0.5773499
v -1.8590709 -2.6628079 0.7084789
vn 0.5773494 0.5773499 -0.5773516
v -0.5390632 -2.6628079 0.7084789
vn -0.5773503 -0.5773504 -0.5773501
v -0.0473986 -1.6940583 0.7084787
vn -0.9045342 0.3015114 -0.3015110
v -0.0473986 -1.6540583 1.4559646
vn -0.5773503 -0.5773504 -0.5773501
v -0.0473986 4.8809414 0.7084780
vn -0.9045342 0.3015113 -0.3015110
v -0.0473986 4.9209414 1.4559639
vn -0.5773507 0.5773502 -0.5773499
v -0.0473986 -0.3740585 0.7084786
vn -0.9045340 -0.3015115 -0.3015114
v -0.0473986 6.1609416 1.4559636
vn 0.0000000 1.0000000 -0.0000002
v 4.9676013 -7.7853079 0.0009653
vn 0.0000000 1.0000000 -0.0000002
v 4.9676013 -7.7853074 2.2009654
vn 0.7071064 0.7071072 -0.0000002
v 4.9976010 -7.7853074 2.2009654
vn 0.7071068 0.7071068 -0.0000002
v 4.9976010 -7.7853079 0.0009653
vn 0.4472136 -0.8944272 0.0000001
v 4.9976010 -7.8453078 2.2009654
vn 0.7071067 -0.7071069 0.0000002
v 4.9976010 -7.8453083 0.0009653
vn -0.7071071 -0.7071065 0.0000002
v 4.9376016 -7.8453083 0.0009653
vn -0.7071068 -0.7071068 0.0000002
v 4.9376016 -7.8453078 2.2009654
vn -1.0000000 0.0000000 0.0000000
v 4.9376016 -7.8153076 2.2009654
vn -1.0000000 0.0000000 0.0000000
v 4.9376016 -7.8153081 0.0009653
vn 0.0000000 0.0000000 0.0000000
v -0.0323906 -7.7853079 0.0009653
vn 0.0000000 0.0000000 0.0000000
v -0.0623906 -7.7853079 0.0009653
vn 0.0000000 0.0000000 0.0000000
v -0.0623906 -7.7853074 2.2009654
vn 0.0000000 0.0000000 0.0000000
v -0.0323906 -7.7853074 2.2009654
vn 0.7071065 0.7071071 -0.0000001
v 9.9974604 -0.2852458 0.0009644
vn 0.7071073 0.7071063 -0.0000001
v 9.9974604 -0.2852455 1.7009645
vn 0.7071065 -0.7071071 0.0000001
v 9.9974604 -0.3452460 1.7009645
vn 0.7071071 -0.7071065 0.0000001
v 9.9974604 -0.3452462 0.0009644
vn 0.0000000 0.0000000 0.0000000
v -0.0023906 -7.8453083 0.0009653
vn 0.0000000 0.0000000 0.0000000
v -0.0023906 -7.8153081 0.0009653
vn 0.0000000 0.0000000 0.0000000
v -0.0023906 -7.8153076 2.2009654
vn 0.0000000 0.0000000 0.0000000
v -0.0023906 -7.8453078 2.2009654
vn 0.0000000 1.0000000 -0.0000002
v -7.0323901 -7.0353079 0.0009652
vn -0.7071068 0.7071068 -0.0000002
v -7.0623899 -7.0353079 0.0009652
vn -0.7071064 0.7071072 -0.0000002
v -7.0623899 -7.0353074 2.2009654
vn 0.0000000 1.0000000 -0.0000002
v -7.0323901 -7.0353074 2.2009654
vn 0.7071071 -0.7071065 0.0000002
v -7.0023894 -7.0953083 0.0009652
vn 1.0000000 0.0000000 0.0000000
v -7.0023894 -7.0653081 0.0009652
vn 1.0000000 0.0000000 0.0000000
v -7.0023894 -7.0653076 2.2009654
vn 0.7071068 -0.7071067 0.0000002
v -7.0023894 -7.0953078 2.2009654
vn 1.0000000 0.0000000 0.0000000
v -0.0023906 7.1846423 0.0009635
vn 0.7071117 0.7071018 -0.0000158
v -0.0023906 7.2146420 0.0009635
vn 0.7074021 0.7068114 0.0000000
v -0.0023906 7.2146420 2.2009635
vn 1.0000000 0.0000000 0.0000000
v -0.0023906 7.1846423 2.2009635
vn -0.7071065 -0.7071071 0.0000000
v -0.0623910 7.1546416 0.0009635
vn 0.0000000 -1.0000000 0.0000000
v -0.0323908 7.1546416 0.0009635
vn 0.0000000 -1.0000000 0.0000000
v -0.0323908 7.1546416 2.2009635
vn -0.7070640 -0.7071496 -0.0000023
v -0.0623910 7.1546416 2.2009635
vn -1.0000000 0.0000000 0.0000000
v 4.9374604 7.1846423 0.0009635
vn -1.0000000 0.0000000 0.0000000
v 4.9374604 7.1846423 2.2009635
vn -0.7071072 0.7071064 0.0000000
v 4.9374604 7.2146420 2.2009635
vn -0.7071068 0.7071068 0.0000000
v 4.9374604 7.2146420 0.0009635
vn 0.0000000 0.0000000 0.0000000
v -0.0623906 -7.8453083 0.0009653
vn 0.0000000 0.0000000 0.0000000
v -0.0623906 -7.8453078 2.2009654
vn -0.7071068 -0.7071068 0.0000002
v -7.0623899 -7.0953083 0.0009652
vn -0.4472048 -0.8944317 0.0000001
v -7.0623899 -7.0953078 2.2009654
vn 0.7071065 -0.7071071 0.0000000
v 4.9974608 7.1546416 0.0009635
vn 0.7071068 -0.7071068 0.0000000
v 4.9974608 7.1546416 2.2009635
vn 0.0000000 -1.0000000 0.0000000
v 4.9674606 7.1546416 2.2009635
vn 0.0000000 -1.0000000 0.0000000
v 4.9674606 7.1546416 0.0009635
vn -1.0000000 0.0000000 0.0000000
v 9.9374599 6.4346418 0.0009636
vn -1.0000000 0.0000000 0.0000000
v 9.9374599 6.4346418 1.7009636
vn -0.7071062 0.7071074 0.0000000
v 9.9374599 6.4646416 1.7009636
vn -0.7071072 0.7071065 0.0000000
v 9.9374599 6.4646416 0.0009636
vn 0.7071072 0.7071065 0.0000000
v 9.9974604 6.4646416 1.7009636
vn 0.7071065 0.7071072 0.0000000
v 9.9974604 6.4646416 0.0009636
vn 0.7071074 -0.7071062 0.0000000
v 9.9974604 6.4046412 0.0009636
vn 0.7071065 -0.7071072 0.0000000
v 9.9974604 6.4046412 1.7009636
vn 0.0000000 -1.0000000 0.0000000
v 9.9674606 6.4046412 1.7009636
vn 0.0000000 -1.0000000 0.0000000
v 9.9674606 6.4046412 0.0009636
vn 0.0000000 1.0000000 -0.0000002
v 9.9674606 -0.2852458 0.0009644
vn 0.0000000 1.0000000 -0.0000002
v 9.9674606 -0.2852455 1.7009645
vn 0.7071068 0.7071068 0.0000000
v 4.9974608 7.2146420 2.2009635
vn 0.7071068 0.7071068 0.0000000
v 4.9974608 7.2146420 0.0009635
vn -0.7071062 -0.7071074 0.0000001
v 9.9374599 -0.3452462 0.0009644
vn -0.7071072 -0.7071065 0.0000001
v 9.9374599 -0.3452460 1.7009645
vn -1.0000000 0.0000000 0.0000000
v 9.9374599 -0.3152462 1.7009645
vn -1.0000000 0.0000000 0.0000000
v 9.9374599 -0.3152465 0.0009644
vn 1.0000000 0.0000000 0.0000000
v -7.0023885 -2.6776671 0.0009647
vn 0.7071068 0.7071067 -0.0000002
v -7.0023885 -2.6476674 0.0009647
vn 0.7071071 0.7071065 -0.0000002
v -7.0023885 -2.6476669 2.2009649
vn 1.0000000 0.0000000 0.0000000
v -7.0023885 -2.6776667 2.2009649
vn -0.7071068 0.7071068 -0.0000002
v -7.0623889 -2.6476674 0.0009647
vn -0.7071068 0.7071068 -0.0000002
v -7.0623889 -2.6476669 2.2009649
vn -0.7071064 -0.7071072 0.0000002
v -7.0623889 -2.7076678 0.0009647
vn 0.0000000 -1.0000000 0.0000002
v -7.0323892 -2.7076678 0.0009647
vn 0.0000000 -1.0000000 0.0000002
v -7.0323892 -2.7076674 2.2009649
vn -0.7071068 -0.7071068 0.0000002
v -7.0623889 -2.7076674 2.2009649
vn 0.0000000 0.0000000 0.0000000
v 4.9376011 6.4646921 2.3009634
vn -0.0000000 -1.0000000 0.0000000
v 4.9376011 -0.3453080 2.3009644
vn 0.6852956 -0.7282650 0.0000000
v 9.9976006 -0.3453081 1.8009644
vn 1.0000000 0.0000000 0.0000000
v 9.9976006 6.4646921 1.8009635
vn -0.7069820 0.7072316 -0.0000013
v -0.0623984 7.2146921 2.2009635
vn -0.7071065 0.7071071 0.0000000
v -0.0623984 -2.6478078 2.2009649
vn -0.7071076 0.7071059 0.0000000
v -0.0623984 -2.6478078 2.3009648
vn -0.7071117 0.7071019 -0.0000161
v -0.0623910 7.2146420 0.0009635
vn 0.0000000 0.0000000 0.0000000
v -7.0623975 -4.8715577 3.1799176
vn 0.0000000 0.0000000 0.0000000
v 2.1613514 -4.8715577 3.1799173
vn 0.0000000 1.0000000 0.0000000
v -7.0623975 -2.6478078 2.3009648
vn 0.0000000 1.0000000 0.0000000
v 4.9976010 7.2146921 2.2009635
vn 0.0000000 -1.0000000 0.0000000
v -0.0623984 -7.0953078 2.3009653
vn 0.0000000 -1.0000000 0.0000000
v -7.0623975 -7.0953078 2.3009653
vn 0.0000000 -1.0000000 0.0000000
v -0.0623984 -7.0953078 2.2009654
vn 0.0000000 1.0000000 0.0000000
v -7.0623975 -2.6478078 2.2009649
vn 0.5606644 -0.5820141 -0.5889950
v 9.9976006 -0.3453081 1.7009645
vn 0.8944297 -0.0000001 -0.4472086
v 9.9976006 6.4646921 1.7009636
vn -0.0435537 -0.8965661 -0.4407634
v 4.9376011 -0.3453080 2.2009645
vn 0.0000000 0.0000000 0.0000000
v 4.9376011 6.4646921 2.2009635
vn 0.0000001 -0.0000001 -1.0000000
v 9.9676008 6.4346919 1.7009636
vn 0.0000000 0.0000000 0.0000000
v 4.9676013 6.4346919 2.2009635
vn -0.0495776 -0.0495771 -0.9975390
v 9.9676008 -0.3153081 1.7009645
vn -0.0978710 0.0973680 -0.9904245
v 4.9676013 -0.3153080 2.2009645
vn 0.0000000 -1.0000000 0.0000000
v 2.4676015 -7.8453078 2.2009654
vn 0.0000000 1.0000000 0.0000000
v 2.4676013 7.2146921 2.2009635
# 783 vertices, 0 vertices normals


usemtl material_0
vt 0.4940775 0.2616732
vt 0.4940775 0.2222947
vt 0.2740256 0.2222948
f 9/1/9 10/2/10 11/3/11
vt 0.2740256 0.2616732
f 9/1/9 11/3/11 12/4/12
vt 0.0066576 0.9441292
vt 0.0066576 0.9933283
vt 0.0420405 0.9933283
f 13/5/13 14/6/14 15/7/15
vt 0.0420405 0.9441292
f 13/5/13 15/7/15 16/8/16
vt 0.0362119 0.1869119
vt 0.0067050 0.1869119
vt 0.0067050 0.2222948
f 17/9/17 18/10/18 19/11/19
vt 0.0362119 0.2222948
f 17/9/17 19/11/19 20/12/20
vt 0.0321984 0.3133490
vt 0.0068594 0.3133490
vt 0.0068593 0.3487318
f 21/13/21 22/14/22 10/15/10
vt 0.0321986 0.3487318
f 21/13/21 10/15/10 23/16/23
vt 0.0814189 0.4436765
vt 0.0420406 0.4436765
vt 0.0420406 0.4811854
f 24/17/24 25/18/25 26/19/26
vt 0.0814189 0.4811854
f 24/17/24 26/19/26 27/20/27
vt 0.5452060 0.3332922
vt 0.6247197 0.3332922
vt 0.6247197 0.3133489
f 28/21/28 29/22/29 30/23/30
vt 0.5452060 0.3133489
f 28/21/28 30/23/30 31/24/31
vt 0.7427992 0.7732038
vt 0.7427992 0.7587968
vt 0.7074164 0.7587968
f 32/25/32 33/26/33 34/27/34
vt 0.7074164 0.7732038
f 32/25/32 34/27/34 35/28/35
vt 0.7975268 0.7732038
vt 0.7975220 0.7587968
vt 0.7821776 0.7587968
f 29/29/29 36/30/36 37/31/37
vt 0.7821776 0.7732038
f 29/29/29 37/31/37 38/32/38
vt 0.7821775 0.7276738
vt 0.7427992 0.7276738
vt 0.7427992 0.7420809
f 39/33/39 40/34/40 41/35/41
vt 0.7821776 0.7420809
f 39/33/39 41/35/41 42/36/42
vt 0.7975268 0.7276738
f 28/37/28 39/33/39 42/36/42
vt 0.7975220 0.7420809
f 28/37/28 42/36/42 43/38/43
vt 0.7074164 0.7276738
vt 0.7074164 0.7420809
f 40/34/40 44/39/44 45/40/45
f 40/34/40 45/40/45 41/35/41
vt 0.5679947 0.5876204
vt 0.4884809 0.5876204
vt 0.4884809 0.6020275
f 29/41/29 28/42/28 43/43/43
vt 0.5679947 0.6020275
f 29/41/29 43/43/43 36/44/36
vt 0.1612414 0.1869119
vt 0.1317344 0.1869119
vt 0.1317344 0.2222947
f 46/45/46 47/46/47 48/47/48
vt 0.1612414 0.2222947
f 46/45/46 48/47/48 49/48/49
vt 0.1022275 0.1869119
vt 0.1022275 0.2222947
f 47/46/47 50/49/50 51/50/51
f 47/46/47 51/50/51 48/47/48
vt 0.1022275 0.2770222
vt 0.0362119 0.2770222
vt 0.0362119 0.2969655
f 52/51/52 53/52/53 54/53/54
vt 0.1022275 0.2969655
f 52/51/52 54/53/54 55/54/55
f 50/49/50 17/9/17 20/12/20
f 50/49/50 20/12/20 51/50/51
vt 0.2567647 0.2770222
vt 0.2272569 0.2770222
vt 0.2272569 0.2969655
f 56/55/56 57/56/57 58/57/58
vt 0.2567647 0.2969655
f 56/55/56 58/57/58 59/58/59
vt 0.1612414 0.2770222
vt 0.1612414 0.2969655
f 57/56/57 60/59/60 61/60/61
f 57/56/57 61/60/61 58/57/58
vt 0.2272569 0.1869118
f 62/61/62 46/45/46 49/48/49
vt 0.2272569 0.2222947
f 62/61/62 49/48/49 63/62/63
vt 0.9803742 0.7237834
vt 0.9788757 0.7237834
vt 0.9788757 0.7450645
f 64/63/64 65/64/65 66/65/66
vt 0.9803742 0.7450645
f 64/63/64 66/65/66 67/66/67
vt 0.9799246 0.8017993
vt 0.9799250 0.7646323
vt 0.9784260 0.7646323
f 68/67/68 69/68/69 70/69/70
vt 0.9784260 0.8017993
f 68/67/68 70/69/70 71/70/71
vt 0.0831933 0.0567929
vt 0.0831933 0.0196258
vt 0.0816948 0.0196258
f 72/71/72 73/72/73 74/73/74
vt 0.0816948 0.0567929
f 72/71/72 74/73/74 75/74/75
vt 0.6594154 0.1480081
vt 0.6594154 0.1692890
vt 0.6609139 0.1692890
f 69/75/69 72/76/72 75/77/75
vt 0.6609139 0.1480081
f 69/75/69 75/77/75 70/78/70
vt 0.4702856 0.1712343
vt 0.4702856 0.1499532
vt 0.4687871 0.1499532
f 73/79/73 68/80/68 71/81/71
vt 0.4687871 0.1712343
f 73/79/73 71/81/71 74/82/74
vt 0.9912959 0.6868249
vt 0.9912959 0.7081057
vt 0.9920454 0.7081057
f 64/83/64 67/84/67 76/85/76
vt 0.9920454 0.6868249
f 64/83/64 76/85/76 77/86/77
vt 0.9881551 0.9921031
vt 0.9881551 0.9708222
vt 0.9874056 0.9708222
f 66/87/66 65/88/65 78/89/78
vt 0.9874056 0.9921031
f 66/87/66 78/89/78 79/90/79
vt 0.9784291 0.6595923
vt 0.9769306 0.6595923
vt 0.9769306 0.6808734
f 80/91/80 81/92/81 82/93/82
vt 0.9784291 0.6808734
f 80/91/80 82/93/82 83/94/83
vt 0.7503925 0.0587378
vt 0.7503925 0.0215709
vt 0.7488940 0.0215709
f 84/95/84 85/96/85 86/97/86
vt 0.7488940 0.0587378
f 84/95/84 86/97/86 87/98/87
vt 0.5660463 0.1460629
vt 0.5660463 0.1673439
vt 0.5675451 0.1673439
f 88/99/88 84/100/84 87/101/87
vt 0.5675451 0.1460629
f 88/99/88 87/101/87 89/102/89
vt 0.4858471 0.1731795
vt 0.4858471 0.1518984
vt 0.4843485 0.1518984
f 85/103/85 90/104/90 91/105/91
vt 0.4843485 0.1731795
f 85/103/85 91/105/91 86/106/86
vt 0.7659543 0.0567927
vt 0.7659543 0.0196257
vt 0.7644554 0.0196257
f 90/107/90 88/108/88 89/109/89
vt 0.7644554 0.0567927
f 90/107/90 89/109/89 91/110/91
vt 0.9815700 0.3036230
vt 0.9815700 0.3249041
vt 0.9823195 0.3249041
f 80/111/80 83/112/83 92/113/92
vt 0.9823195 0.3036230
f 80/111/80 92/113/92 93/114/93
vt 0.9823195 0.5233133
vt 0.9823195 0.5020322
vt 0.9815699 0.5020322
f 82/115/82 81/116/81 94/117/94
vt 0.9815699 0.5233133
f 82/115/82 94/117/94 95/118/95
vt 0.0066576 0.6153017
vt 0.0066576 0.6645008
vt 0.0420405 0.6645008
f 96/119/96 97/120/97 98/121/98
vt 0.0420405 0.6153017
f 96/119/96 98/121/98 99/122/99
vt 0.0066576 0.7797154
vt 0.0066576 0.8289145
vt 0.0420405 0.8289145
f 100/123/100 101/124/101 102/125/102
vt 0.0420405 0.7797154
f 100/123/100 102/125/102 103/126/103
vt 0.0066576 0.8781136
vt 0.0420405 0.8781136
f 101/124/101 104/127/104 105/128/105
f 101/124/101 105/128/105 102/125/102
vt 0.0967680 0.8781136
vt 0.0967680 0.9441291
vt 0.1167112 0.9441291
f 106/129/106 107/130/107 108/131/108
vt 0.1167112 0.8781136
f 106/129/106 108/131/108 109/132/109
f 104/127/104 13/5/13 16/8/16
f 104/127/104 16/8/16 105/128/105
vt 0.0066576 0.7136998
vt 0.0420405 0.7136998
f 97/120/97 110/133/110 111/134/111
f 97/120/97 111/134/111 98/121/98
vt 0.0967680 0.7136998
vt 0.0967680 0.7797154
vt 0.1167112 0.7797154
f 112/135/112 113/136/113 114/137/114
vt 0.1167112 0.7136998
f 112/135/112 114/137/114 115/138/115
f 110/133/110 100/123/100 103/126/103
f 110/133/110 103/126/103 111/134/111
vt 0.0066576 0.5000870
vt 0.0066576 0.5492861
vt 0.0420405 0.5492861
f 18/139/18 116/140/116 117/141/117
vt 0.0420405 0.5000870
f 18/139/18 117/141/117 19/142/19
vt 0.0967680 0.5492861
vt 0.0967680 0.6153017
vt 0.1167112 0.6153017
f 118/143/118 119/144/119 120/145/120
vt 0.1167112 0.5492861
f 118/143/118 120/145/120 121/146/121
f 116/140/116 96/119/96 99/122/99
f 116/140/116 99/122/99 117/141/117
vt 0.1128209 0.0215709
vt 0.1113219 0.0215709
vt 0.1113219 0.0428519
f 122/147/122 123/148/123 124/149/124
vt 0.1128209 0.0428519
f 122/147/122 124/149/124 125/150/125
vt 0.6609142 0.4630125
vt 0.6609142 0.4417313
vt 0.6594154 0.4417313
f 126/151/126 127/152/127 128/153/128
vt 0.6594154 0.4630125
f 126/151/126 128/153/128 129/154/129
vt 0.2295290 0.0176805
vt 0.2295290 0.0548474
vt 0.2310278 0.0548474
f 127/155/127 130/156/130 131/157/131
vt 0.2310278 0.0176805
f 127/155/127 131/157/131 128/158/128
vt 0.7134340 0.0587378
vt 0.7134340 0.0215709
vt 0.7119354 0.0215709
f 132/159/132 126/160/126 129/161/129
vt 0.7119354 0.0587378
f 132/159/132 129/161/129 133/162/133
vt 0.7080450 0.1616244
vt 0.7080450 0.1829055
vt 0.7095436 0.1829055
f 130/163/130 132/164/132 133/165/133
vt 0.7095436 0.1616244
f 130/163/130 133/165/133 131/166/131
vt 0.9835156 0.1869119
vt 0.9835156 0.2081930
vt 0.9842646 0.2081930
f 122/167/122 125/168/125 134/169/134
vt 0.9842646 0.1869119
f 122/167/122 134/169/134 135/170/135
vt 0.9823195 0.2451515
vt 0.9823195 0.2238704
vt 0.9815704 0.2238704
f 124/171/124 123/172/123 136/173/136
vt 0.9815704 0.2451515
f 124/171/124 136/173/136 137/174/137
vt 0.9803743 0.4611832
vt 0.9788752 0.4611832
vt 0.9788752 0.4824640
f 138/175/138 139/176/139 140/177/140
vt 0.9803743 0.4824640
f 138/175/138 140/177/140 141/178/141
vt 0.0564074 0.7276739
vt 0.0564074 0.7648408
vt 0.0579059 0.7648408
f 142/179/142 143/180/143 144/181/144
vt 0.0579059 0.7276739
f 142/179/142 144/181/144 145/182/145
vt 0.8009673 0.0587378
vt 0.8009673 0.0215709
vt 0.7994688 0.0215709
f 146/183/146 147/184/147 148/185/148
vt 0.7994688 0.0587378
f 146/183/146 148/185/148 149/186/149
vt 0.0564073 0.5817848
vt 0.0564073 0.6030659
vt 0.0579059 0.6030659
f 143/187/143 146/188/146 149/189/149
vt 0.0579059 0.5817848
f 143/187/143 149/189/149 144/190/144
vt 0.6259005 0.4688480
vt 0.6259005 0.4475669
vt 0.6244017 0.4475669
f 147/191/147 142/192/142 145/193/145
vt 0.6244017 0.4688480
f 147/191/147 145/193/145 148/194/148
vt 0.9835156 0.8385494
vt 0.9835156 0.8598308
vt 0.9842646 0.8598308
f 138/195/138 141/196/141 150/197/150
vt 0.9842646 0.8385494
f 138/195/138 150/197/150 151/198/151
vt 0.9842646 0.4416153
vt 0.9842646 0.4203343
vt 0.9835151 0.4203343
f 140/199/140 139/200/139 152/201/152
vt 0.9835151 0.4416153
f 140/199/140 152/201/152 153/202/153
vt 0.1283824 0.0196258
vt 0.1268838 0.0196258
vt 0.1268838 0.0409068
f 154/203/154 155/204/155 156/205/156
vt 0.1283824 0.0409068
f 154/203/154 156/205/156 157/206/157
vt 0.7289959 0.0567927
vt 0.7289959 0.0196258
vt 0.7274968 0.0196258
f 158/207/158 159/208/159 160/209/160
vt 0.7274968 0.0567927
f 158/207/158 160/209/160 161/210/161
vt 0.6438538 0.1460629
vt 0.6438538 0.1673438
vt 0.6453524 0.1673438
f 162/211/162 158/212/158 161/213/161
vt 0.6453524 0.1460629
f 162/211/162 161/213/161 163/214/163
vt 0.7251051 0.1848506
vt 0.7251051 0.1635695
vt 0.7236065 0.1635695
f 159/215/159 164/216/164 165/217/165
vt 0.7236065 0.1848506
f 159/215/159 165/217/165 160/218/160
vt 0.7800170 0.0196258
vt 0.7800170 0.0567927
vt 0.7815155 0.0567927
f 164/219/164 162/220/162 163/221/163
vt 0.7815155 0.0196258
f 164/219/164 163/221/163 165/222/165
vt 0.9815699 0.1499532
vt 0.9815699 0.1712341
vt 0.9823195 0.1712341
f 154/223/154 157/224/157 166/225/166
vt 0.9823195 0.1499532
f 154/223/154 166/225/166 167/226/167
vt 0.9823195 0.6011207
vt 0.9823195 0.5798396
vt 0.9815700 0.5798396
f 156/227/156 155/228/155 168/229/168
vt 0.9815700 0.6011207
f 156/227/156 168/229/168 169/230/169
vt 0.2655866 0.3133490
vt 0.2402477 0.3133490
vt 0.2402477 0.3487319
f 170/231/170 171/232/171 172/233/172
vt 0.2655866 0.3487319
f 170/231/170 172/233/172 173/234/173
vt 0.1488925 0.3133490
vt 0.1235535 0.3133490
vt 0.1235535 0.3487319
f 174/235/174 175/236/175 176/237/176
vt 0.1488925 0.3487319
f 174/235/174 176/237/176 177/238/177
vt 0.0982144 0.3133490
vt 0.0982143 0.3487319
f 175/236/175 178/239/178 179/240/179
f 175/236/175 179/240/179 176/237/176
vt 0.0982143 0.4034593
vt 0.0321985 0.4034593
vt 0.0321984 0.4234025
f 180/241/180 181/242/181 182/243/182
vt 0.0982145 0.4234025
f 180/241/180 182/243/182 183/244/183
vt 0.2149086 0.3133490
vt 0.2149086 0.3487319
f 171/232/171 184/245/184 185/246/185
f 171/232/171 185/246/185 172/233/172
vt 0.2149086 0.4034593
vt 0.1488925 0.4034593
vt 0.1488925 0.4234025
f 186/247/186 187/248/187 188/249/188
vt 0.2149086 0.4234025
f 186/247/186 188/249/188 189/250/189
f 184/245/184 174/235/174 177/238/177
f 184/245/184 177/238/177 185/246/185
vt 0.3569418 0.3133490
vt 0.3316028 0.3133490
vt 0.3316026 0.3487319
f 14/251/14 190/252/190 191/253/191
vt 0.3569418 0.3487319
f 14/251/14 191/253/191 15/254/15
vt 0.3316028 0.4034593
vt 0.2655866 0.4034593
vt 0.2655866 0.4234025
f 192/255/192 193/256/193 194/257/194
vt 0.3316028 0.4234025
f 192/255/192 194/257/194 195/258/195
f 190/252/190 170/231/170 173/234/173
f 190/252/190 173/234/173 191/253/191
vt 0.8928409 0.1888570
vt 0.8913421 0.1888570
vt 0.8913421 0.2101381
f 196/259/196 197/260/197 198/261/198
vt 0.8928409 0.2101381
f 196/259/196 198/261/198 199/262/199
vt 0.8846108 0.0606833
vt 0.8846108 0.0235161
vt 0.8831118 0.0235161
f 200/263/200 201/264/201 202/265/202
vt 0.8831118 0.0606833
f 200/263/200 202/265/202 203/266/203
vt 0.5816079 0.1480081
vt 0.5816079 0.1692892
vt 0.5831069 0.1692892
f 204/267/204 200/268/200 203/269/203
vt 0.5831069 0.1480081
f 204/267/204 203/269/203 205/270/205
vt 0.7406666 0.1829054
vt 0.7406666 0.1616244
vt 0.7391680 0.1616244
f 201/271/201 206/272/206 207/273/207
vt 0.7391680 0.1829054
f 201/271/201 207/273/207 202/274/202
vt 0.0365088 0.0587381
vt 0.0365088 0.0215709
vt 0.0350103 0.0215709
f 206/275/206 204/276/204 205/277/205
vt 0.0350103 0.0587381
f 206/275/206 205/277/205 207/278/207
vt 0.9815699 0.3833757
vt 0.9815699 0.4046568
vt 0.9823195 0.4046568
f 196/279/196 199/280/199 208/281/208
vt 0.9823195 0.3833757
f 196/279/196 208/281/208 209/282/209
vt 0.9842646 0.3676983
vt 0.9842646 0.3464172
vt 0.9835151 0.3464172
f 198/283/198 197/284/197 210/285/210
vt 0.9835151 0.3676983
f 198/283/198 210/285/210 211/286/211
vt 0.9784291 0.0371324
vt 0.9769301 0.0371324
vt 0.9769301 0.0584132
f 212/287/212 213/288/213 214/289/214
vt 0.9784291 0.0584132
f 212/287/212 214/289/214 215/290/215
vt 0.0520703 0.0567929
vt 0.0520703 0.0196258
vt 0.0505717 0.0196258
f 216/291/216 217/292/217 218/293/218
vt 0.0505717 0.0567929
f 216/291/216 218/293/218 219/294/219
vt 0.7877976 0.1635696
vt 0.7877976 0.1848506
vt 0.7892962 0.1848506
f 220/295/220 216/296/216 219/297/219
vt 0.7892962 0.1635696
f 220/295/220 219/297/219 221/298/221
vt 0.4391625 0.1712343
vt 0.4391625 0.1499532
vt 0.4376640 0.1499532
f 217/299/217 222/300/222 223/301/223
vt 0.4376640 0.1712343
f 217/299/217 223/301/223 218/302/218
vt 0.0676320 0.0587381
vt 0.0676320 0.0215709
vt 0.0661333 0.0215709
f 222/303/222 220/304/220 221/305/221
vt 0.0661333 0.0587381
f 222/303/222 221/305/221 223/306/223
vt 0.9835151 0.5428811
vt 0.9835151 0.5641622
vt 0.9842647 0.5641622
f 212/307/212 215/308/215 224/309/224
vt 0.9842647 0.5428811
f 212/307/212 224/309/224 225/310/225
vt 0.9842646 0.2860004
vt 0.9842646 0.2647193
vt 0.9835151 0.2647193
f 214/311/214 213/312/213 226/313/226
vt 0.9835151 0.2860004
f 214/311/214 226/313/226 227/314/227
vt 0.9667580 0.4592380
vt 0.9652594 0.4592380
vt 0.9652594 0.4805191
f 228/315/228 229/316/229 230/317/230
vt 0.9667580 0.4805191
f 228/315/228 230/317/230 231/318/231
vt 0.0987548 0.0587381
vt 0.0987548 0.0215709
vt 0.0972563 0.0215709
f 232/319/232 233/320/233 234/321/234
vt 0.0972563 0.0587381
f 232/319/232 234/321/234 235/322/235
vt 0.6978729 0.0567929
vt 0.6978729 0.0196258
vt 0.6963738 0.0196258
f 236/323/236 237/324/237 238/325/238
vt 0.6963738 0.0567929
f 236/323/236 238/325/238 239/326/239
vt 0.4532254 0.1518984
vt 0.4532254 0.1731795
vt 0.4547240 0.1731795
f 233/327/233 236/328/236 239/329/239
vt 0.4547240 0.1518984
f 233/327/233 239/329/239 234/330/234
vt 0.6434072 0.4610673
vt 0.6434072 0.4397861
vt 0.6419087 0.4397861
f 237/331/237 232/332/232 235/333/235
vt 0.6419087 0.4610673
f 237/331/237 235/333/235 238/334/238
vt 0.9815700 0.8774532
vt 0.9815700 0.8987346
vt 0.9823195 0.8987346
f 228/335/228 231/336/231 240/337/240
vt 0.9823195 0.8774532
f 228/335/228 240/337/240 241/338/241
vt 0.9901002 0.1342756
vt 0.9901002 0.1129947
vt 0.9893512 0.1129947
f 230/339/230 229/340/229 242/341/242
vt 0.9893512 0.1342756
f 230/339/230 242/341/242 243/342/243
vt 0.6030080 0.1264951
vt 0.6030080 0.1052139
vt 0.6015092 0.1052139
f 137/343/137 136/344/136 135/345/135
vt 0.6015092 0.1264951
f 137/343/137 135/345/135 134/346/134
vt 0.1419987 0.0428519
vt 0.1419987 0.0215709
vt 0.1405001 0.0215709
f 153/347/153 152/348/152 151/349/151
vt 0.1405001 0.0428519
f 153/347/153 151/349/151 150/350/150
vt 0.9842647 0.9376377
vt 0.9842647 0.9163569
vt 0.9827661 0.9163569
f 169/351/169 168/352/168 167/353/167
vt 0.9827661 0.9376377
f 169/351/169 167/353/167 166/354/166
vt 0.9803742 0.6380792
vt 0.9803742 0.6167982
vt 0.9788757 0.6167982
f 79/355/79 78/356/78 77/357/77
vt 0.9788757 0.6380792
f 79/355/79 77/357/77 76/358/76
vt 0.5154746 0.0486876
vt 0.5154746 0.0274065
vt 0.5139761 0.0274065
f 95/359/95 94/360/94 93/361/93
vt 0.5139761 0.0486876
f 95/359/95 93/361/93 92/362/92
vt 0.5290909 0.0467423
vt 0.5290909 0.0254613
vt 0.5275918 0.0254613
f 243/363/243 242/364/242 241/365/241
vt 0.5275918 0.0467423
f 243/363/243 241/365/241 240/366/240
vt 0.9784291 0.0973172
vt 0.9784291 0.0760362
vt 0.9769306 0.0760362
f 227/367/227 226/368/226 225/369/225
vt 0.9769306 0.0973172
f 227/367/227 225/369/225 224/370/224
vt 0.6808155 0.0447971
vt 0.6808155 0.0235161
vt 0.6793165 0.0235161
f 211/371/211 210/372/210 209/373/209
vt 0.6793165 0.0447971
f 211/371/211 209/373/209 208/374/208
vt 0.0068593 0.4034593
vt 0.0068593 0.4234025
f 181/242/181 244/375/244 245/376/245
f 181/242/181 245/376/245 182/243/182
vt 0.0068593 0.3881102
f 23/16/23 10/15/10 9/377/9
vt 0.0321986 0.3881102
f 23/16/23 9/377/9 246/378/246
vt 0.3316028 0.3881103
f 15/254/15 191/253/191 247/379/247
vt 0.3569418 0.3881102
f 15/254/15 247/379/247 248/380/248
vt 0.2402477 0.3881103
f 173/234/173 172/233/172 249/381/249
vt 0.2655866 0.3881103
f 173/234/173 249/381/249 250/382/250
vt 0.2402477 0.4034593
vt 0.2402476 0.4234025
f 193/256/193 251/383/251 252/384/252
f 193/256/193 252/384/252 194/257/194
vt 0.1235535 0.3881102
f 177/238/177 176/237/176 253/385/253
vt 0.1488925 0.3881103
f 177/238/177 253/385/253 254/386/254
vt 0.1235534 0.4034593
vt 0.1235535 0.4234025
f 187/248/187 255/387/255 256/388/256
f 187/248/187 256/388/256 188/249/188
vt 0.0814188 0.9933282
f 16/8/16 15/7/15 248/389/248
vt 0.0814188 0.9441291
f 16/8/16 248/389/248 257/390/257
vt 0.0982143 0.3881102
f 176/237/176 179/240/179 258/391/258
f 176/237/176 258/391/258 253/385/253
f 255/387/255 180/241/180 183/244/183
f 255/387/255 183/244/183 256/388/256
vt 0.2149086 0.3881103
f 172/233/172 185/246/185 259/392/259
f 172/233/172 259/392/259 249/381/249
f 251/383/251 186/247/186 189/250/189
f 251/383/251 189/250/189 252/384/252
vt 0.0814189 0.6645007
f 99/122/99 98/121/98 260/393/260
vt 0.0814189 0.6153017
f 99/122/99 260/393/260 261/394/261
vt 0.0814189 0.8289145
f 103/126/103 102/125/102 262/395/262
vt 0.0814189 0.7797154
f 103/126/103 262/395/262 263/396/263
vt 0.0814189 0.8781136
f 102/125/102 105/128/105 264/397/264
f 102/125/102 264/397/264 262/395/262
vt 0.0814189 0.7136998
f 98/121/98 111/134/111 265/398/265
f 98/121/98 265/398/265 260/393/260
vt 0.0967680 0.8289145
vt 0.1167112 0.8289145
f 113/136/113 266/399/266 267/400/267
f 113/136/113 267/400/267 114/137/114
f 266/399/266 106/129/106 109/132/109
f 266/399/266 109/132/109 267/400/267
vt 0.0967680 0.6645007
f 268/401/268 112/135/112 115/138/115
vt 0.1167112 0.6645007
f 268/401/268 115/138/115 269/402/269
f 119/144/119 268/401/268 269/402/269
f 119/144/119 269/402/269 120/145/120
vt 0.0967680 0.9933282
vt 0.1167112 0.9933282
f 107/130/107 270/403/270 271/404/271
f 107/130/107 271/404/271 108/131/108
vt 0.3569418 0.4034593
f 270/405/270 192/255/192 195/258/195
vt 0.3569418 0.4234025
f 270/405/270 195/258/195 271/406/271
vt 0.0067050 0.2770222
vt 0.0067050 0.2969655
f 53/52/53 272/407/272 273/408/273
f 53/52/53 273/408/273 54/53/54
vt 0.0967680 0.5000870
f 272/409/272 118/143/118 121/146/121
vt 0.1167112 0.5000870
f 272/409/272 121/146/121 273/410/273
vt 0.0814189 0.5492861
f 19/142/19 117/141/117 274/411/274
vt 0.0814189 0.5000870
f 19/142/19 274/411/274 275/412/275
vt 0.0067050 0.2616732
f 20/12/20 19/11/19 275/413/275
vt 0.0362119 0.2616732
f 20/12/20 275/413/275 276/414/276
vt 0.1317344 0.2616731
f 49/48/49 48/47/48 277/415/277
vt 0.1612414 0.2616731
f 49/48/49 277/415/277 278/416/278
vt 0.1022275 0.2616732
f 48/47/48 51/50/51 279/417/279
f 48/47/48 279/417/279 277/415/277
vt 0.1317344 0.2770222
f 280/418/280 52/51/52 55/54/55
vt 0.1317344 0.2969655
f 280/418/280 55/54/55 281/419/281
f 60/59/60 280/418/280 281/419/281
f 60/59/60 281/419/281 61/60/61
vt 0.4940775 0.2770223
f 244/420/244 9/1/9 12/4/12
vt 0.2740256 0.2770222
f 244/420/244 12/4/12 282/421/282
vt 0.4940775 0.1869119
vt 0.2740256 0.1869119
f 10/2/10 22/422/22 283/423/283
f 10/2/10 283/423/283 11/3/11
vt 0.7393063 0.4075621
vt 0.7393063 0.3681837
vt 0.7258790 0.3681837
f 284/424/284 285/425/285 286/426/286
vt 0.7258790 0.4075621
f 284/424/284 286/426/286 287/427/287
vt 0.7393063 0.3328009
vt 0.7258791 0.3328009
f 285/425/285 288/428/288 289/429/289
f 285/425/285 289/429/289 286/426/286
vt 0.7393063 0.4335645
f 290/430/290 284/424/284 287/427/287
vt 0.7258790 0.4229112
f 290/430/290 287/427/287 291/431/291
vt 0.3716056 0.3466961
vt 0.3716056 0.3860745
vt 0.4084893 0.3860745
f 287/432/287 286/433/286 292/434/292
vt 0.4084893 0.3466961
f 287/432/287 292/434/292 293/435/293
vt 0.3716056 0.4214574
vt 0.4084893 0.4214574
f 286/433/286 289/436/289 294/437/294
f 286/433/286 294/437/294 292/434/292
vt 0.3716056 0.3313470
f 291/438/291 287/432/287 293/435/293
vt 0.4084893 0.3313470
f 291/438/291 293/435/293 295/439/295
vt 0.4599334 0.3486413
vt 0.4599334 0.3880197
vt 0.5452061 0.3880197
f 293/440/293 292/441/292 40/442/40
vt 0.5452060 0.3486413
f 293/440/293 40/442/40 39/443/39
vt 0.4599334 0.4234026
vt 0.5452061 0.4234025
f 292/441/292 294/444/294 44/445/44
f 292/441/292 44/445/44 40/442/40
vt 0.4599334 0.3332922
f 295/446/295 293/440/293 39/443/39
f 295/446/295 39/443/39 28/21/28
vt 0.3716056 0.3114038
f 297/447/297 291/438/291 295/439/295
vt 0.7393063 0.4428545
f 298/448/298 290/430/290 291/431/291
vt 0.7258791 0.4428545
f 298/448/298 291/431/291 297/449/297
vt 0.4940775 0.2969655
f 245/450/245 244/420/244 282/421/282
vt 0.2740256 0.2969655
f 245/450/245 282/421/282 299/451/299
f 278/416/278 277/415/277 280/418/280
f 278/416/278 280/418/280 60/59/60
f 277/415/277 279/417/279 52/51/52
f 277/415/277 52/51/52 280/418/280
f 275/412/275 274/411/274 118/143/118
f 275/412/275 118/143/118 272/409/272
f 276/414/276 275/413/275 272/407/272
f 276/414/276 272/407/272 53/52/53
f 248/380/248 247/379/247 192/255/192
f 248/380/248 192/255/192 270/405/270
f 257/390/257 248/389/248 270/403/270
f 257/390/257 270/403/270 107/130/107
f 261/394/261 260/393/260 268/401/268
f 261/394/261 268/401/268 119/144/119
f 260/393/260 265/398/265 112/135/112
f 260/393/260 112/135/112 268/401/268
f 262/395/262 264/397/264 106/129/106
f 262/395/262 106/129/106 266/399/266
f 263/396/263 262/395/262 266/399/266
f 263/396/263 266/399/266 113/136/113
f 249/381/249 259/392/259 186/247/186
f 249/381/249 186/247/186 251/383/251
f 253/385/253 258/391/258 180/241/180
f 253/385/253 180/241/180 255/387/255
f 254/386/254 253/385/253 255/387/255
f 254/386/254 255/387/255 187/248/187
f 250/382/250 249/381/249 251/383/251
f 250/382/250 251/383/251 193/256/193
f 246/378/246 9/377/9 244/375/244
f 246/378/246 244/375/244 181/242/181
f 247/379/247 250/382/250 193/256/193
f 247/379/247 193/256/193 192/255/192
f 259/392/259 254/386/254 187/248/187
f 259/392/259 187/248/187 186/247/186
f 258/391/258 246/378/246 181/242/181
f 258/391/258 181/242/181 180/241/180
f 274/411/274 261/394/261 119/144/119
f 274/411/274 119/144/119 118/143/118
f 265/398/265 263/396/263 113/136/113
f 265/398/265 113/136/113 112/135/112
f 264/397/264 257/390/257 107/130/107
f 264/397/264 107/130/107 106/129/106
vt 0.2272569 0.2616731
f 300/452/300 278/416/278 60/59/60
f 300/452/300 60/59/60 57/56/57
f 279/417/279 276/414/276 53/52/53
f 279/417/279 53/52/53 52/51/52
vt 0.9220186 0.3034879
vt 0.9127288 0.3034880
vt 0.9019854 0.3169151
f 301/453/301 302/454/302 303/455/303
vt 0.9220186 0.3169151
f 301/453/301 303/455/303 304/456/304
vt 0.4415574 0.3860744
vt 0.4415574 0.3466960
vt 0.4406840 0.3466960
f 305/457/305 306/458/306 307/459/307
vt 0.4406840 0.3860744
f 305/457/305 307/459/307 308/460/308
vt 0.8867263 0.3034879
vt 0.8867263 0.3169151
f 302/454/302 309/461/309 310/462/310
f 302/454/302 310/462/310 303/455/303
vt 0.4279411 0.4214574
vt 0.4279411 0.4014241
vt 0.4270676 0.4014241
f 304/463/304 303/464/303 311/465/311
vt 0.4270676 0.4214574
f 304/463/304 311/465/311 312/466/312
vt 0.8473480 0.3034880
vt 0.8119650 0.3034880
vt 0.8119650 0.3169151
f 313/467/313 314/468/314 315/469/315
vt 0.8473480 0.3169151
f 313/467/313 315/469/315 316/470/316
vt 0.4415574 0.3314369
vt 0.4406840 0.3314369
f 306/458/306 317/471/317 318/472/318
f 306/458/306 318/472/318 307/459/307
f 309/461/309 313/467/313 316/470/316
f 309/461/309 316/470/316 310/462/310
vt 0.4279411 0.3861651
vt 0.4279411 0.3467867
vt 0.4270676 0.3467867
f 310/473/310 316/474/316 319/475/319
vt 0.4270676 0.3861651
f 310/473/310 319/475/319 320/476/320
vt 0.8867263 0.1557888
vt 0.8473479 0.1557888
vt 0.8473479 0.1692160
f 12/477/12 11/478/11 321/479/321
vt 0.8867263 0.1692160
f 12/477/12 321/479/321 322/480/322
vt 0.8735892 0.1869118
vt 0.8735892 0.2129141
vt 0.8792244 0.2129141
f 323/481/323 322/482/322 324/483/324
vt 0.8792244 0.1869118
f 323/481/323 324/483/324 325/484/325
vt 0.8119650 0.1557888
vt 0.8119650 0.1692160
f 11/478/11 283/485/283 326/486/326
f 11/478/11 326/486/326 321/479/321
vt 0.9020755 0.1557888
f 282/487/282 12/477/12 322/480/322
vt 0.9127287 0.1692160
f 282/487/282 322/480/322 323/488/323
vt 0.4361080 0.1225204
vt 0.4714908 0.1225204
vt 0.4714908 0.1168851
f 314/489/314 313/490/313 327/491/327
vt 0.4361080 0.1168851
f 314/489/314 327/491/327 328/492/328
vt 0.9220187 0.1557888
f 299/493/299 282/487/282 323/488/323
vt 0.9220187 0.1692160
f 299/493/299 323/488/323 329/494/329
f 329/494/329 323/488/323 302/454/302
f 329/494/329 302/454/302 301/453/301
vt 0.8870053 0.4428545
vt 0.8870053 0.4228212
vt 0.8735781 0.4335645
f 330/495/330 317/496/317 331/497/331
vt 0.8735782 0.4428545
f 330/495/330 331/497/331 332/498/332
f 332/498/332 331/497/331 290/430/290
f 332/498/332 290/430/290 298/448/298
vt 0.8870053 0.4075621
vt 0.8735782 0.4075621
f 317/496/317 306/499/306 333/500/333
f 317/496/317 333/500/333 331/497/331
vt 0.5855013 0.4117980
vt 0.5855013 0.3724197
vt 0.5798661 0.3724197
f 285/501/285 284/502/284 334/503/334
vt 0.5798661 0.4117980
f 285/501/285 334/503/334 335/504/335
vt 0.8870053 0.3681837
vt 0.8870053 0.3328009
vt 0.8735781 0.3328009
f 305/505/305 336/506/336 337/507/337
vt 0.8735781 0.3681837
f 305/505/305 337/507/337 338/508/338
vt 0.8735892 0.2522926
vt 0.8735892 0.2876754
vt 0.8792244 0.2876754
f 321/509/321 326/510/326 339/511/339
vt 0.8792244 0.2522926
f 321/509/321 339/511/339 340/512/340
f 306/499/306 305/505/305 338/508/338
f 306/499/306 338/508/338 333/500/333
vt 0.8298798 0.3386363
vt 0.7905014 0.3386363
vt 0.7905014 0.3442717
f 333/513/333 338/514/338 341/515/341
vt 0.8298798 0.3442717
f 333/513/333 341/515/341 342/516/342
vt 0.5108691 0.1225204
vt 0.5368716 0.1225204
vt 0.5368716 0.1168851
f 309/517/309 302/518/302 343/519/343
vt 0.5108691 0.1168851
f 309/517/309 343/519/343 344/520/344
vt 0.8558822 0.3386363
f 331/521/331 333/513/333 342/516/342
vt 0.8558822 0.3442717
f 331/521/331 342/516/342 345/522/345
vt 0.8636630 0.5935099
vt 0.8636630 0.4592381
vt 0.8580278 0.4592381
f 290/523/290 331/524/331 345/525/345
vt 0.8580277 0.5935099
f 290/523/290 345/525/345 346/526/346
vt 0.5855013 0.3464172
vt 0.5798661 0.3464172
f 284/502/284 290/527/290 346/528/346
f 284/502/284 346/528/346 334/503/334
vt 0.5154746 0.2978415
vt 0.5154746 0.1635695
vt 0.5098394 0.1635695
f 302/529/302 323/530/323 325/531/325
vt 0.5098393 0.2978415
f 302/529/302 325/531/325 343/532/343
vt 0.7551185 0.3386363
vt 0.7551185 0.3442717
f 338/514/338 337/533/337 347/534/347
f 338/514/338 347/534/347 341/515/341
f 322/482/322 321/509/321 340/512/340
f 322/482/322 340/512/340 324/483/324
vt 0.5855013 0.4471809
f 288/535/288 285/501/285 335/504/335
vt 0.5798661 0.4471809
f 288/535/288 335/504/335 348/536/348
f 313/490/313 309/517/309 344/520/344
f 313/490/313 344/520/344 327/491/327
vt 0.8786272 0.4845254
vt 0.8786272 0.5045587
vt 0.9064571 0.5045587
f 312/537/312 311/538/311 318/539/318
vt 0.9064571 0.4845254
f 312/537/312 318/539/318 349/540/349
vt 0.8786272 0.5198178
vt 0.9064571 0.5198178
f 311/538/311 320/541/320 307/542/307
f 311/538/311 307/542/307 318/539/318
vt 0.8786272 0.5591962
vt 0.8786272 0.5945791
vt 0.9064571 0.5945791
f 319/543/319 350/544/350 351/545/351
vt 0.9064571 0.5591962
f 319/543/319 351/545/351 308/546/308
f 320/541/320 319/543/319 308/546/308
f 320/541/320 308/546/308 307/542/307
vt 0.8141599 0.0293517
vt 0.8141599 0.0571817
vt 0.8150334 0.0571817
f 330/547/330 304/548/304 312/549/312
vt 0.8150334 0.0293517
f 330/547/330 312/549/312 349/550/349
vt 0.4279411 0.3114038
vt 0.4270676 0.3114038
f 316/474/316 315/551/315 350/552/350
f 316/474/316 350/552/350 319/475/319
vt 0.4415574 0.3114038
vt 0.4406840 0.3114038
f 317/471/317 330/553/330 349/554/349
f 317/471/317 349/554/349 318/472/318
vt 0.4415574 0.4214573
f 336/555/336 305/457/305 308/460/308
vt 0.4406840 0.4214573
f 336/555/336 308/460/308 351/556/351
f 303/464/303 310/473/310 320/476/320
f 303/464/303 320/476/320 311/465/311
f 38/32/38 37/31/37 33/26/33
f 38/32/38 33/26/33 32/25/32
vt 0.6247197 0.3486413
vt 0.7099932 0.3486412
vt 0.7099932 0.3332922
f 38/557/38 352/558/352 353/559/353
f 38/557/38 353/559/353 29/22/29
vt 0.6247197 0.4234025
vt 0.7099932 0.4234025
vt 0.7099932 0.3880196
f 35/560/35 354/561/354 355/562/355
vt 0.6247199 0.3880196
f 35/560/35 355/562/355 32/563/32
f 32/563/32 355/562/355 352/558/352
f 32/563/32 352/558/352 38/557/38
f 30/23/30 29/22/29 353/559/353
vt 0.7099932 0.3133489
f 30/23/30 353/559/353 356/564/356
vt 0.5215291 0.6187434
vt 0.5215290 0.9938318
vt 0.5609074 0.9938318
f 355/565/355 357/566/357 358/567/358
vt 0.5609074 0.6187433
f 355/565/355 358/567/358 352/568/352
vt 0.5762565 0.9938318
f 352/568/352 358/567/358 359/569/359
vt 0.5762565 0.6187433
f 352/568/352 359/569/359 353/570/353
vt 0.4861462 0.6187434
vt 0.4861462 0.9938318
f 354/571/354 360/572/360 357/566/357
f 354/571/354 357/566/357 355/565/355
vt 0.5961997 0.6187433
f 356/573/356 353/570/353 359/569/359
vt 0.5961998 0.9938318
f 356/573/356 359/569/359 361/574/361
vt 0.7975266 0.2733442
vt 0.7975266 0.2339659
vt 0.5474676 0.2339658
f 358/575/358 357/576/357 365/577/365
vt 0.5474676 0.2608413
f 358/575/358 365/577/365 366/578/366
vt 0.0967680 0.4436765
f 362/579/362 24/17/24 27/20/27
vt 0.0967679 0.4811854
f 362/579/362 27/20/27 56/580/56
vt 0.0066577 0.4436765
vt 0.0066577 0.4811853
f 25/18/25 367/581/367 370/582/370
f 25/18/25 370/582/370 26/19/26
vt 0.1167112 0.4436765
f 371/583/371 362/579/362 56/580/56
vt 0.1167112 0.4811854
f 371/583/371 56/580/56 59/584/59
f 300/452/300 57/56/57 56/55/56
vt 0.2567647 0.2616731
f 300/452/300 56/55/56 27/585/27
vt 0.2567647 0.2222947
f 27/585/27 26/586/26 63/62/63
f 27/585/27 63/62/63 300/452/300
f 62/61/62 63/62/63 26/586/26
vt 0.2567646 0.1869118
f 62/61/62 26/586/26 370/587/370
vt 0.6707143 0.6557020
vt 0.6438389 0.6557020
vt 0.6438389 0.9932815
f 366/588/366 365/589/365 368/590/368
vt 0.6707143 0.9932815
f 366/588/366 368/590/368 364/591/364
vt 0.6860633 0.6557019
f 372/592/372 366/588/366 364/591/364
vt 0.6860634 0.9932815
f 372/592/372 364/591/364 363/593/363
vt 0.6084560 0.6557019
vt 0.6084560 0.9932815
f 365/589/365 373/594/373 369/595/369
f 365/589/365 369/595/369 368/590/368
vt 0.6934592 0.6557019
f 374/596/374 372/592/372 363/593/363
vt 0.6934592 0.9932815
f 374/596/374 363/593/363 375/597/375
vt 0.7975267 0.1985830
vt 0.5474677 0.1985830
f 357/576/357 360/598/360 373/599/373
f 357/576/357 373/599/373 365/577/365
vt 0.7975266 0.2886934
f 359/600/359 358/575/358 366/578/366
vt 0.5474676 0.2761903
f 359/600/359 366/578/366 372/601/372
vt 0.7975267 0.3086366
f 361/602/361 359/600/359 372/601/372
vt 0.5474676 0.2835861
f 361/602/361 372/601/372 374/603/374
vt 0.4862968 0.1731795
f 90/104/90 85/103/85 376/604/376
vt 0.4862968 0.1518984
f 90/104/90 376/604/376 377/605/377
vt 0.4741759 0.0215709
vt 0.4741759 0.0451713
vt 0.4746256 0.0451713
f 23/606/23 246/607/246 378/608/378
vt 0.4746256 0.0215709
f 23/606/23 378/608/378 379/609/379
vt 0.4527757 0.1518984
f 236/328/236 233/327/233 380/610/380
vt 0.4527757 0.1731795
f 236/328/236 380/610/380 381/611/381
vt 0.2971644 0.8152072
vt 0.2971644 0.8388077
vt 0.2976137 0.8388077
f 20/612/20 276/613/276 382/614/382
vt 0.2976137 0.8152072
f 20/612/20 382/614/382 383/615/383
vt 0.0369585 0.0587381
f 204/276/204 206/275/206 384/616/384
vt 0.0369585 0.0215709
f 204/276/204 384/616/384 385/617/385
vt 0.6438569 0.4610673
f 232/332/232 237/331/237 386/618/386
vt 0.6438569 0.4397861
f 232/332/232 386/618/386 387/619/387
vt 0.7411163 0.1829054
f 206/272/206 201/271/201 388/620/388
vt 0.7411163 0.1616244
f 206/272/206 388/620/388 384/621/384
vt 0.0525200 0.0567929
f 217/292/217 216/291/216 389/622/389
vt 0.0525200 0.0196258
f 217/292/217 389/622/389 390/623/390
vt 0.9531416 0.3295717
vt 0.9531416 0.2900068
vt 0.9526919 0.2900068
f 261/624/261 274/625/274 391/626/391
vt 0.9526919 0.3295717
f 261/624/261 391/626/391 392/627/392
vt 0.6263502 0.4688480
f 142/192/142 147/191/147 393/628/393
vt 0.6263502 0.4475669
f 142/192/142 393/628/393 394/629/394
vt 0.9526919 0.2277608
vt 0.9526919 0.2673256
vt 0.9531416 0.2673256
f 111/630/111 103/631/103 395/632/395
vt 0.9531416 0.2277608
f 111/630/111 395/632/395 396/633/396
vt 0.6535829 0.0630807
vt 0.6535829 0.0235161
vt 0.6531332 0.0235161
f 263/634/263 265/635/265 397/636/397
vt 0.6531332 0.0630807
f 263/634/263 397/636/397 398/637/398
vt 0.8014171 0.0587378
f 147/184/147 146/183/146 399/638/399
vt 0.8014171 0.0215709
f 147/184/147 399/638/399 393/639/393
vt 0.4182152 0.0471166
vt 0.4182152 0.0235162
vt 0.4177657 0.0235162
f 265/640/265 111/641/111 396/642/396
vt 0.4177657 0.0471166
f 265/640/265 396/642/396 397/643/397
vt 0.2290795 0.0176805
f 130/156/130 127/155/127 400/644/400
vt 0.2290795 0.0548474
f 130/156/130 400/644/400 401/645/401
vt 0.9725935 0.9928804
vt 0.9725935 0.9533155
vt 0.9721443 0.9533155
f 257/646/257 264/647/264 402/648/402
vt 0.9721443 0.9928804
f 257/646/257 402/648/402 403/649/403
vt 0.2762166 0.0471166
vt 0.2762166 0.0235162
vt 0.2757668 0.0235162
f 274/650/274 117/651/117 404/652/404
vt 0.2757668 0.0471166
f 274/650/274 404/652/404 391/653/391
vt 0.0559576 0.5817848
f 146/188/146 143/187/143 405/654/405
vt 0.0559576 0.6030659
f 146/188/146 405/654/405 399/655/399
vt 0.7795673 0.0196258
f 162/220/162 164/219/164 406/656/406
vt 0.7795673 0.0567927
f 162/220/162 406/656/406 407/657/407
vt 0.6613636 0.4630125
f 127/152/127 126/151/126 408/658/408
vt 0.6613636 0.4417313
f 127/152/127 408/658/408 400/659/400
vt 0.6395173 0.0235161
vt 0.6395173 0.0630810
vt 0.6399665 0.0630810
f 278/660/278 300/661/300 409/662/409
vt 0.6399665 0.0235161
f 278/660/278 409/662/409 410/663/410
vt 0.9526919 0.1713504
vt 0.9526919 0.2109152
vt 0.9531416 0.2109152
f 246/664/246 258/665/258 411/666/411
vt 0.9531416 0.1713504
f 246/664/246 411/666/411 378/667/378
vt 0.0680815 0.0587381
f 220/304/220 222/303/222 412/668/412
vt 0.0680815 0.0215709
f 220/304/220 412/668/412 413/669/413
vt 0.3637500 0.0510072
vt 0.3637500 0.0274065
vt 0.3633006 0.0274065
f 259/670/259 185/671/185 414/672/414
vt 0.3633006 0.0510072
f 259/670/259 414/672/414 415/673/415
vt 0.4041494 0.0215709
vt 0.4041494 0.0451713
vt 0.4045989 0.0451713
f 177/674/177 254/675/254 416/676/416
vt 0.4045989 0.0215709
f 177/674/177 416/676/416 417/677/417
vt 0.7873479 0.1635696
f 216/296/216 220/295/220 413/678/413
vt 0.7873479 0.1848506
f 216/296/216 413/678/413 389/679/389
vt 0.4396123 0.1712343
f 222/300/222 217/299/217 390/680/390
vt 0.4396123 0.1499532
f 222/300/222 390/680/390 412/681/412
vt 0.8437614 0.4592379
vt 0.8437614 0.4988033
vt 0.8442112 0.4988033
f 185/682/185 177/683/177 417/684/417
vt 0.8442112 0.4592379
f 185/682/185 417/684/417 414/685/414
vt 0.8850601 0.0606833
f 201/264/201 200/263/200 418/686/418
vt 0.8850601 0.0235161
f 201/264/201 418/686/418 388/687/388
vt 0.3909826 0.0548974
vt 0.3909826 0.0312968
vt 0.3905329 0.0312968
f 279/688/279 51/689/51 419/690/419
vt 0.3905329 0.0548974
f 279/688/279 419/690/419 420/691/420
vt 0.4002588 0.7996457
vt 0.4002588 0.8392111
vt 0.4007086 0.8392111
f 250/692/250 247/693/247 421/694/421
vt 0.4007086 0.7996457
f 250/692/250 421/694/421 422/695/422
vt 0.2898329 0.0490618
vt 0.2898329 0.0254613
vt 0.2893831 0.0254613
f 258/696/258 179/697/179 423/698/423
vt 0.2893831 0.0490618
f 258/696/258 423/698/423 411/699/411
vt 0.9531416 0.1486692
vt 0.9531416 0.1091043
vt 0.9526919 0.1091043
f 424/700/424 425/701/425 426/702/426
vt 0.9526919 0.1486692
f 424/700/424 426/702/426 427/703/427
vt 0.2626003 0.0548974
vt 0.2626003 0.0312968
vt 0.2621505 0.0312968
f 428/704/428 429/705/429 430/706/430
vt 0.2621505 0.0548974
f 428/704/428 430/706/430 431/707/431
vt 0.7387183 0.1616244
f 202/274/202 207/273/207 432/708/432
vt 0.7387183 0.1829054
f 202/274/202 432/708/432 433/709/433
vt 0.7897459 0.1848506
f 221/298/221 219/297/219 434/710/434
vt 0.7897459 0.1635696
f 221/298/221 434/710/434 435/711/435
vt 0.9570320 0.9928804
vt 0.9570320 0.9533155
vt 0.9565824 0.9533155
f 436/712/436 437/713/437 438/714/438
vt 0.9565824 0.9928804
f 436/712/436 438/714/438 439/715/439
vt 0.9507468 0.4592380
vt 0.9507468 0.4828387
vt 0.9511965 0.4828387
f 440/716/440 441/717/441 442/718/442
vt 0.9511965 0.4592380
f 440/716/440 442/718/442 443/719/443
vt 0.8826621 0.0235161
f 203/266/203 202/265/202 433/720/433
vt 0.8826621 0.0606833
f 203/266/203 433/720/433 444/721/444
vt 0.6414590 0.4397861
f 238/334/238 235/333/235 445/722/445
vt 0.6414590 0.4610673
f 238/334/238 445/722/445 446/723/446
vt 0.2314773 0.0548474
f 128/158/128 131/157/131 447/724/447
vt 0.2314773 0.0176805
f 128/158/128 447/724/447 448/725/448
vt 0.9920454 0.0553327
vt 0.9920454 0.0390777
vt 0.9917357 0.0390777
f 449/726/449 450/727/450 451/728/451
vt 0.9917357 0.0553327
f 449/726/449 451/728/451 452/729/452
vt 0.9648128 0.7925261
vt 0.9648128 0.7529613
vt 0.9643630 0.7529613
f 450/730/450 453/731/453 454/732/454
vt 0.9643630 0.7925261
f 450/730/450 454/732/454 451/733/451
vt 0.7990191 0.0215709
f 149/186/149 148/185/148 455/734/455
vt 0.7990191 0.0587378
f 149/186/149 455/734/455 456/735/456
vt 0.6589659 0.4417313
f 129/154/129 128/153/128 448/736/448
vt 0.6589659 0.4630125
f 129/154/129 448/736/448 457/737/457
vt 0.3034492 0.0471166
vt 0.3034492 0.0235162
vt 0.3029995 0.0235162
f 458/738/458 459/739/459 460/740/460
vt 0.3029995 0.0471166
f 458/738/458 460/740/460 461/741/461
vt 0.9920453 0.0222645
vt 0.9920453 0.0060095
vt 0.9917358 0.0060095
f 462/742/462 463/743/463 464/744/464
vt 0.9917358 0.0222645
f 462/742/462 464/744/464 465/745/465
vt 0.0583556 0.6030659
f 144/190/144 149/189/149 456/746/456
vt 0.0583556 0.5817848
f 144/190/144 456/746/456 466/747/466
vt 0.7270471 0.0196258
f 161/210/161 160/209/160 467/748/467
vt 0.7270471 0.0567927
f 161/210/161 467/748/467 468/749/468
vt 0.1648912 0.0274065
vt 0.1648912 0.0510072
vt 0.1653409 0.0510072
f 453/750/453 469/751/469 470/752/470
vt 0.1653409 0.0274065
f 453/750/453 470/752/470 454/753/454
vt 0.7819652 0.0567927
f 165/222/165 163/221/163 471/754/471
vt 0.7819652 0.0196258
f 165/222/165 471/754/471 472/755/472
vt 0.6239522 0.4475669
f 148/194/148 145/193/145 473/756/473
vt 0.6239522 0.4688480
f 148/194/148 473/756/473 455/757/455
vt 0.6959246 0.0196258
f 239/326/239 238/325/238 446/758/446
vt 0.6959246 0.0567929
f 239/326/239 446/758/446 474/759/474
vt 0.9200734 0.0568428
vt 0.9200734 0.0332421
vt 0.9196237 0.0332421
f 475/760/475 476/761/476 477/762/477
vt 0.9196237 0.0568428
f 475/760/475 477/762/477 478/763/478
vt 0.0968066 0.0215709
f 235/322/235 234/321/234 479/764/479
vt 0.0968066 0.0587381
f 235/322/235 479/764/479 445/765/445
vt 0.5835561 0.1692892
f 205/270/205 203/269/203 444/766/444
vt 0.5835561 0.1480081
f 205/270/205 444/766/444 480/767/480
vt 0.4551737 0.1731795
f 234/330/234 239/329/239 474/768/474
vt 0.4551737 0.1518984
f 234/330/234 474/768/474 479/769/479
vt 0.2057406 0.0254612
vt 0.2057406 0.0490619
vt 0.2061898 0.0490619
f 481/770/481 482/771/482 483/772/483
vt 0.2061898 0.0254612
f 481/770/481 483/772/483 484/773/484
vt 0.0345606 0.0215709
f 207/278/207 205/277/205 480/774/480
vt 0.0345606 0.0587381
f 207/278/207 480/774/480 432/775/432
vt 0.7484443 0.0215709
f 87/98/87 86/97/86 485/776/485
vt 0.7484443 0.0587378
f 87/98/87 485/776/485 486/777/486
vt 0.5679946 0.1673439
f 89/102/89 87/101/87 486/778/486
vt 0.5679946 0.1460629
f 89/102/89 486/778/486 487/779/487
vt 0.4838988 0.1518984
f 86/106/86 91/105/91 488/780/488
vt 0.4838988 0.1731795
f 86/106/86 488/780/488 485/781/485
vt 0.7640058 0.0196257
f 91/110/91 89/109/89 487/782/487
vt 0.7640058 0.0567927
f 91/110/91 487/782/487 488/783/488
vt 0.9648128 0.7322253
vt 0.9648128 0.6926605
vt 0.9643630 0.6926605
f 429/784/429 440/785/440 443/786/443
vt 0.9643630 0.7322253
f 429/784/429 443/786/443 430/787/430
vt 0.7238718 0.8091964
vt 0.7175343 0.8091964
vt 0.7175343 0.8364469
f 489/788/489 490/789/490 491/790/491
vt 0.7238718 0.8364469
f 489/788/489 491/790/491 462/791/462
vt 0.4097006 0.1431245
vt 0.4097006 0.1367871
vt 0.3824500 0.1367871
f 492/792/492 493/793/493 494/794/494
vt 0.3824500 0.1431245
f 492/792/492 494/794/494 495/795/495
vt 0.3133602 0.1431245
vt 0.3133602 0.1367871
vt 0.2861097 0.1367871
f 441/796/441 496/797/496 497/798/497
vt 0.2861097 0.1431245
f 441/796/441 497/798/497 428/799/428
vt 0.3615304 0.1431245
vt 0.3615304 0.1367871
vt 0.3342797 0.1367871
f 498/800/498 499/801/499 500/802/500
vt 0.3342797 0.1431245
f 498/800/498 500/802/500 501/803/501
vt 0.7238718 0.9449331
vt 0.7175343 0.9449331
vt 0.7175343 0.9721836
f 502/804/502 503/805/503 504/806/504
vt 0.7238718 0.9721836
f 502/804/502 504/806/504 458/807/458
vt 0.1725908 0.1555266
vt 0.1725908 0.1618640
vt 0.1998414 0.1618640
f 482/808/482 505/809/505 506/810/506
vt 0.1998414 0.1555266
f 482/808/482 506/810/506 475/811/475
vt 0.7238718 0.8770648
vt 0.7175343 0.8770648
vt 0.7175343 0.9043152
f 469/812/469 507/813/507 508/814/508
vt 0.7238718 0.9043152
f 469/812/469 508/814/508 449/815/449
vt 0.2242017 0.1555266
vt 0.2242017 0.1618640
vt 0.2514522 0.1618640
f 436/816/436 509/817/509 510/818/510
vt 0.2514522 0.1555266
f 436/816/436 510/818/510 437/819/437
vt 0.4097006 0.1285562
vt 0.3824500 0.1285562
f 493/793/493 511/820/511 512/821/512
f 493/793/493 512/821/512 494/794/494
vt 0.3133602 0.1285562
vt 0.2861097 0.1285562
f 496/797/496 513/822/513 514/823/514
f 496/797/496 514/823/514 497/798/497
vt 0.7093035 0.8770648
vt 0.7093035 0.9043152
f 507/813/507 515/824/515 516/825/516
f 507/813/507 516/825/516 508/814/508
vt 0.2242017 0.1700948
vt 0.2514522 0.1700948
f 509/817/509 517/826/517 518/827/518
f 509/817/509 518/827/518 510/818/510
vt 0.3615304 0.1285562
vt 0.3342797 0.1285562
f 499/801/499 519/828/519 520/829/520
f 499/801/499 520/829/520 500/802/500
vt 0.7093035 0.8091964
vt 0.7093035 0.8364469
f 490/789/490 521/830/521 522/831/522
f 490/789/490 522/831/522 491/790/491
vt 0.7093035 0.9449331
vt 0.7093035 0.9721836
f 503/805/503 523/832/523 524/833/524
f 503/805/503 524/833/524 504/806/504
vt 0.1725908 0.1700948
vt 0.1998414 0.1700948
f 505/809/505 525/834/525 526/835/526
f 505/809/505 526/835/526 506/810/506
vt 0.3342797 0.1593795
vt 0.3342797 0.1739852
vt 0.3615304 0.1739852
f 527/836/527 528/837/528 529/838/529
vt 0.3615304 0.1593795
f 527/836/527 529/838/529 530/839/530
vt 0.7401268 0.9721836
vt 0.7547325 0.9721836
vt 0.7547325 0.9449331
f 459/840/459 531/841/531 532/842/532
vt 0.7401268 0.9449331
f 459/840/459 532/842/532 533/843/533
vt 0.1998414 0.1392715
vt 0.1998414 0.1246659
vt 0.1725908 0.1246659
f 476/844/476 534/845/534 535/846/535
vt 0.1725908 0.1392715
f 476/844/476 535/846/535 481/847/481
vt 0.2514522 0.1392715
vt 0.2514522 0.1246659
vt 0.2242017 0.1246659
f 424/848/424 536/849/536 537/850/537
vt 0.2242017 0.1392715
f 424/848/424 537/850/537 425/851/425
vt 0.7401268 0.9043152
vt 0.7547325 0.9043152
vt 0.7547325 0.8770648
f 450/852/450 538/853/538 539/854/539
vt 0.7401268 0.8770648
f 450/852/450 539/854/539 453/855/453
vt 0.7401268 0.8364469
vt 0.7547325 0.8364469
vt 0.7547325 0.8091965
f 463/856/463 540/857/540 541/858/541
vt 0.7401268 0.8091964
f 463/856/463 541/858/541 542/859/542
vt 0.3824500 0.1593795
vt 0.3824500 0.1739852
vt 0.4097006 0.1739852
f 543/860/543 544/861/544 545/862/545
vt 0.4097006 0.1593795
f 543/860/543 545/862/545 546/863/546
vt 0.7547325 0.8567559
f 453/855/453 539/854/539 549/864/549
vt 0.7401268 0.8567559
f 453/855/453 549/864/549 550/865/550
f 469/812/469 453/855/453 550/865/550
vt 0.7238718 0.8567559
f 469/812/469 550/865/550 551/866/551
f 507/813/507 469/812/469 551/866/551
vt 0.7175359 0.8567559
f 507/813/507 551/866/551 552/867/552
f 515/824/515 507/813/507 552/867/552
vt 0.7093035 0.8567559
f 515/824/515 552/867/552 553/868/553
vt 0.3238201 0.1285562
vt 0.3238201 0.1367885
f 520/829/520 554/869/554 555/870/555
f 520/829/520 555/870/555 500/802/500
vt 0.3719902 0.1367885
f 519/828/519 499/801/499 556/871/556
vt 0.3719902 0.1285562
f 519/828/519 556/871/556 557/872/557
vt 0.3719902 0.1431245
f 499/801/499 498/800/498 558/873/558
f 499/801/499 558/873/558 556/871/556
vt 0.3719902 0.1593795
f 498/800/498 530/839/530 559/874/559
f 498/800/498 559/874/559 558/873/558
vt 0.3719902 0.1739852
f 530/839/530 529/838/529 560/875/560
f 530/839/530 560/875/560 559/874/559
f 543/860/543 559/874/559 560/875/560
f 543/860/543 560/875/560 544/861/544
f 558/873/558 559/874/559 543/860/543
f 558/873/558 543/860/543 495/795/495
f 495/795/495 494/794/494 556/871/556
f 495/795/495 556/871/556 558/873/558
f 494/794/494 512/821/512 557/872/557
f 494/794/494 557/872/557 556/871/556
f 513/822/513 496/797/496 555/870/555
f 513/822/513 555/870/555 554/869/554
vt 0.3238201 0.1431245
f 500/802/500 555/870/555 561/876/561
f 500/802/500 561/876/561 501/803/501
f 496/797/496 441/796/441 561/876/561
f 496/797/496 561/876/561 555/870/555
vt 0.3133602 0.1593795
vt 0.3238201 0.1593795
f 441/796/441 440/877/440 562/878/562
f 441/796/441 562/878/562 561/876/561
vt 0.3133602 0.1739852
vt 0.3238201 0.1739852
f 440/877/440 548/879/548 563/880/563
f 440/877/440 563/880/563 562/878/562
f 528/837/528 527/836/527 562/878/562
f 528/837/528 562/878/562 563/880/563
f 561/876/561 562/878/562 527/836/527
f 561/876/561 527/836/527 501/803/501
vt 0.7175359 0.9246241
f 523/832/523 503/805/503 564/881/564
vt 0.7093035 0.9246241
f 523/832/523 564/881/564 565/882/565
vt 0.4201604 0.1367885
vt 0.4201604 0.1285562
f 493/793/493 566/883/566 567/884/567
f 493/793/493 567/884/567 511/820/511
vt 0.4201604 0.1431245
f 492/792/492 568/885/568 566/883/566
f 492/792/492 566/883/566 493/793/493
vt 0.4201604 0.1593795
f 546/863/546 569/886/569 568/885/568
f 546/863/546 568/885/568 492/792/492
vt 0.4201604 0.1739852
f 545/862/545 570/887/570 569/886/569
f 545/862/545 569/886/569 546/863/546
vt 0.7401268 0.9924925
f 531/841/531 459/840/459 571/888/571
vt 0.7547325 0.9924925
f 531/841/531 571/888/571 572/889/572
vt 0.7238718 0.9924925
f 459/840/459 458/807/458 573/890/573
f 459/840/459 573/890/573 571/888/571
vt 0.7175359 0.9924924
f 458/807/458 504/806/504 574/891/574
f 458/807/458 574/891/574 573/890/573
vt 0.7093035 0.9924925
f 504/806/504 524/833/524 575/892/575
f 504/806/504 575/892/575 574/891/574
vt 0.7175359 0.9935247
f 566/893/566 574/891/574 575/892/575
vt 0.7093035 0.9935247
f 566/893/566 575/892/575 567/894/567
vt 0.7238718 0.9935247
f 566/893/566 568/895/568 573/890/573
f 566/893/566 573/890/573 574/891/574
vt 0.7401268 0.9935247
f 568/895/568 569/896/569 571/888/571
f 568/895/568 571/888/571 573/890/573
vt 0.7547325 0.9935247
f 569/896/569 570/897/570 572/889/572
f 569/896/569 572/889/572 571/888/571
vt 0.7238718 0.9246241
f 503/805/503 502/804/502 576/898/576
f 503/805/503 576/898/576 564/881/564
vt 0.7401268 0.9246241
f 502/804/502 533/843/533 577/899/577
f 502/804/502 577/899/577 576/898/576
vt 0.7547325 0.9246241
f 533/843/533 532/842/532 578/900/578
f 533/843/533 578/900/578 577/899/577
f 538/853/538 450/852/450 577/899/577
f 538/853/538 577/899/577 578/900/578
f 576/898/576 577/899/577 450/852/450
f 576/898/576 450/852/450 449/815/449
f 449/815/449 508/814/508 564/881/564
f 449/815/449 564/881/564 576/898/576
f 508/814/508 516/825/516 565/882/565
f 508/814/508 565/882/565 564/881/564
f 463/856/463 550/865/550 549/864/549
f 463/856/463 549/864/549 540/857/540
f 551/866/551 550/865/550 463/856/463
f 551/866/551 463/856/463 462/791/462
f 462/791/462 491/790/491 552/867/552
f 462/791/462 552/867/552 551/866/551
f 491/790/491 522/831/522 553/868/553
f 491/790/491 553/868/553 552/867/552
vt 0.2626002 0.1392715
vt 0.2626002 0.1246659
f 424/848/424 579/901/579 580/902/580
f 424/848/424 580/902/580 536/849/536
vt 0.2626002 0.1555266
f 437/819/437 581/903/581 579/901/579
f 437/819/437 579/901/579 424/848/424
vt 0.2626002 0.1618640
f 510/818/510 582/904/582 581/903/581
f 510/818/510 581/903/581 437/819/437
vt 0.2626002 0.1700948
f 518/827/518 583/905/583 582/904/582
f 518/827/518 582/904/582 510/818/510
vt 0.7547325 0.7899198
f 542/859/542 541/858/541 580/906/580
vt 0.7401268 0.7899198
f 542/859/542 580/906/580 579/907/579
vt 0.7238718 0.7899198
f 542/859/542 579/907/579 581/908/581
f 542/859/542 581/908/581 489/788/489
f 490/789/490 489/788/489 581/908/581
vt 0.7175343 0.7899198
f 490/789/490 581/908/581 582/909/582
f 521/830/521 490/789/490 582/909/582
vt 0.7093035 0.7899198
f 521/830/521 582/909/582 583/910/583
vt 0.2120214 0.1618624
f 517/826/517 509/817/509 584/911/584
vt 0.2120214 0.1700948
f 517/826/517 584/911/584 585/912/585
vt 0.2120214 0.1555266
f 509/817/509 436/816/436 586/913/586
f 509/817/509 586/913/586 584/911/584
vt 0.2120214 0.1392715
f 436/816/436 425/851/425 587/914/587
f 436/816/436 587/914/587 586/913/586
vt 0.2120214 0.1246659
f 425/851/425 537/850/537 588/915/588
f 425/851/425 588/915/588 587/914/587
f 476/844/476 587/914/587 588/915/588
f 476/844/476 588/915/588 534/845/534
f 586/913/586 587/914/587 476/844/476
f 586/913/586 476/844/476 475/811/475
f 506/810/506 584/911/584 586/913/586
f 506/810/506 586/913/586 475/811/475
f 526/835/526 585/912/585 584/911/584
f 526/835/526 584/911/584 506/810/506
vt 0.1612365 0.1246659
vt 0.1612365 0.1392715
f 535/846/535 589/916/589 590/917/590
f 535/846/535 590/917/590 481/847/481
vt 0.1612365 0.1618640
vt 0.1612365 0.1700948
f 505/809/505 591/918/591 592/919/592
f 505/809/505 592/919/592 525/834/525
vt 0.1612365 0.1555266
f 481/847/481 590/917/590 593/920/593
f 481/847/481 593/920/593 482/808/482
f 482/808/482 593/920/593 591/918/591
f 482/808/482 591/918/591 505/809/505
vt 0.4473930 0.6022260
vt 0.4319097 0.6022260
vt 0.4319097 0.6184809
f 590/921/590 594/922/594 595/923/595
vt 0.4473930 0.6184809
f 590/921/590 595/923/595 593/924/593
vt 0.4473930 0.5876204
vt 0.4319097 0.5876204
f 589/925/589 596/926/596 594/922/594
f 589/925/589 594/922/594 590/921/590
vt 0.4319097 0.6248184
f 593/924/593 595/923/595 597/927/597
vt 0.4473930 0.6248184
f 593/924/593 597/927/597 591/928/591
vt 0.4319097 0.6330494
f 591/928/591 597/927/597 598/929/598
vt 0.4473930 0.6330494
f 591/928/591 598/929/598 592/930/592
vt 0.2861097 0.1593795
vt 0.2766132 0.1593795
vt 0.2766132 0.1739852
f 429/931/429 599/932/599 600/933/600
vt 0.2861097 0.1739852
f 429/931/429 600/933/600 547/934/547
vt 0.2766132 0.1367871
vt 0.2766132 0.1431245
f 497/798/497 601/935/601 602/936/602
f 497/798/497 602/936/602 428/799/428
vt 0.2766132 0.1285562
f 514/823/514 603/937/603 601/935/601
f 514/823/514 601/935/601 497/798/497
f 428/799/428 602/936/602 599/932/599
f 428/799/428 599/932/599 429/931/429
vt 0.0953142 0.0740910
vt 0.0078344 0.0740910
vt 0.0078344 0.0823218
f 603/938/603 604/939/604 605/940/605
vt 0.0953142 0.0823218
f 603/938/603 605/940/605 601/941/601
vt 0.0953142 0.0886592
vt 0.0078344 0.0886592
vt 0.0078344 0.1049142
f 602/942/602 606/943/606 607/944/607
vt 0.0953142 0.1049142
f 602/942/602 607/944/607 599/945/599
vt 0.0078344 0.1195199
f 599/945/599 607/944/607 608/946/608
vt 0.0953142 0.1195199
f 599/945/599 608/946/608 600/947/600
f 601/941/601 605/940/605 606/943/606
f 601/941/601 606/943/606 602/942/602
vt 0.5488583 0.1548331
vt 0.5442790 0.1548331
vt 0.5442790 0.1710879
f 340/948/340 607/949/607 606/950/606
vt 0.5488583 0.1710879
f 340/948/340 606/950/606 324/951/324
vt 0.5488583 0.1402273
vt 0.5442790 0.1402273
f 340/948/340 339/952/339 608/953/608
f 340/948/340 608/953/608 607/949/607
vt 0.5488583 0.1818215
f 325/954/325 324/951/324 606/950/606
vt 0.5442790 0.1774255
f 325/954/325 606/950/606 605/955/605
vt 0.6822835 0.1818215
vt 0.6268575 0.1818215
vt 0.6268575 0.1856563
f 346/956/346 345/957/345 609/958/609
vt 0.6822835 0.1856563
f 346/956/346 609/958/609 610/959/610
vt 0.6042844 0.1818215
vt 0.5488583 0.1856563
f 343/960/343 325/954/325 611/961/611
vt 0.6042844 0.1856563
f 343/960/343 611/961/611 612/962/612
vt 0.5442790 0.1856563
f 604/963/604 611/961/611 325/954/325
f 604/963/604 325/954/325 605/955/605
vt 0.6042843 0.1710879
vt 0.6268575 0.1710880
vt 0.6268575 0.1548331
f 344/964/344 342/965/342 341/966/341
vt 0.6042844 0.1548331
f 344/964/344 341/966/341 327/967/327
vt 0.6268575 0.1402273
f 327/967/327 341/966/341 347/968/347
vt 0.6042844 0.1402273
f 327/967/327 347/968/347 328/969/328
f 343/960/343 345/957/345 342/965/342
f 343/960/343 342/965/342 344/964/344
f 345/957/345 343/960/343 612/962/612
f 345/957/345 612/962/612 609/958/609
vt 0.6822835 0.1710880
vt 0.6905414 0.1818215
f 334/970/334 346/956/346 613/971/613
vt 0.6905413 0.1710880
f 334/970/334 613/971/613 614/972/614
vt 0.6822835 0.1548329
f 335/973/335 334/970/334 614/972/614
vt 0.6905414 0.1548329
f 335/973/335 614/972/614 616/974/616
vt 0.6822835 0.1402273
f 348/975/348 335/973/335 616/974/616
vt 0.6905414 0.1402273
f 348/975/348 616/974/616 617/976/617
vt 0.3852139 0.0848064
vt 0.3852139 0.1010613
vt 0.3968182 0.1010613
f 616/977/616 614/978/614 618/979/618
vt 0.3968182 0.0848064
f 616/977/616 618/979/618 619/980/619
vt 0.3852139 0.1117949
vt 0.3968182 0.1073952
f 614/978/614 613/981/613 620/982/620
f 614/978/614 620/982/620 618/979/618
vt 0.3852139 0.0702006
f 617/983/617 616/977/616 619/980/619
vt 0.3968182 0.0702006
f 617/983/617 619/980/619 622/984/622
vt 0.6191530 0.1088047
vt 0.6191530 0.1234103
vt 0.6516377 0.1234103
f 41/985/41 45/986/45 622/987/622
vt 0.6516377 0.1088047
f 41/985/41 622/987/622 619/988/619
vt 0.6191530 0.0925496
f 42/989/42 41/985/41 619/988/619
vt 0.6516377 0.0925496
f 42/989/42 619/988/619 618/990/618
vt 0.6191530 0.0862157
f 43/991/43 42/989/42 618/990/618
vt 0.6516377 0.0862157
f 43/991/43 618/990/618 620/992/620
vt 0.5863308 0.0862157
vt 0.6191530 0.0779814
f 36/993/36 43/991/43 623/994/623
vt 0.5863308 0.0779814
f 36/993/36 623/994/623 624/995/624
vt 0.5532996 0.0779814
f 36/993/36 624/995/624 625/996/625
vt 0.5532996 0.0862157
f 36/993/36 625/996/625 626/997/626
vt 0.5863308 0.1234103
vt 0.5863308 0.1088047
vt 0.5532996 0.1088046
f 34/998/34 33/999/33 627/1000/627
vt 0.5532996 0.1234103
f 34/998/34 627/1000/627 628/1001/628
vt 0.5863308 0.0925496
vt 0.5532996 0.0925496
f 33/999/33 37/1002/37 629/1003/629
f 33/999/33 629/1003/629 627/1000/627
f 37/1002/37 36/993/36 626/997/626
f 37/1002/37 626/997/626 629/1003/629
vt 0.6584290 0.4845254
vt 0.6421740 0.4845254
vt 0.6421740 0.6352293
f 627/1004/627 629/1005/629 630/1006/630
vt 0.6584290 0.6352293
f 627/1004/627 630/1006/630 631/1007/631
vt 0.6358401 0.4845254
vt 0.6276057 0.4845254
vt 0.6276057 0.6352293
f 626/1008/626 625/1009/625 632/1010/632
vt 0.6358401 0.6352293
f 626/1008/626 632/1010/632 633/1011/633
vt 0.6730347 0.4845254
f 628/1012/628 627/1004/627 631/1007/631
vt 0.6730347 0.6352293
f 628/1012/628 631/1007/631 634/1013/634
f 629/1005/629 626/1008/626 633/1011/633
f 629/1005/629 633/1011/633 630/1006/630
vt 0.7563498 0.3889488
vt 0.7563498 0.3952830
vt 0.8597726 0.3902190
f 630/1014/630 633/1015/633 635/1016/635
vt 0.8597726 0.3838851
f 630/1014/630 635/1016/635 636/1017/636
vt 0.7563498 0.3726940
f 631/1018/631 630/1014/630 636/1017/636
vt 0.8597726 0.3726940
f 631/1018/631 636/1017/636 637/1019/637
vt 0.7563498 0.4035173
vt 0.8597726 0.3933894
f 633/1015/633 632/1020/632 638/1021/638
f 633/1015/633 638/1021/638 635/1016/635
vt 0.7563498 0.3580883
f 634/1022/634 631/1018/631 637/1019/637
vt 0.8597726 0.3580883
f 634/1022/634 637/1019/637 639/1023/639
vt 0.1439438 0.1356170
vt 0.1439438 0.1324465
vt 0.0074449 0.1324465
f 635/1024/635 638/1025/638 644/1026/644
vt 0.0074449 0.1356135
f 635/1024/635 644/1026/644 643/1027/643
vt 0.1439438 0.1419510
f 636/1028/636 635/1024/635 643/1027/643
vt 0.0074449 0.1419510
f 636/1028/636 643/1027/643 641/1029/641
vt 0.0074449 0.1531421
f 636/1028/636 641/1029/641 640/1030/640
vt 0.1439438 0.1531421
f 636/1028/636 640/1030/640 637/1031/637
vt 0.1439438 0.1677478
f 639/1032/639 637/1031/637 640/1030/640
vt 0.0074449 0.1677477
f 639/1032/639 640/1030/640 642/1033/642
vt 0.5718850 0.0630807
vt 0.5707613 0.0618820
vt 0.5494804 0.0618820
f 427/1034/427 645/1035/645 646/1036/646
vt 0.5482846 0.0630807
f 427/1034/427 646/1036/646 438/1037/438
vt 0.9648129 0.8567173
vt 0.9636896 0.8555183
vt 0.9424082 0.8555183
f 477/1038/477 487/1039/487 486/1040/486
vt 0.9412124 0.8567173
f 477/1038/477 486/1040/486 478/1041/478
vt 0.5718850 0.0235161
vt 0.5482846 0.0235161
vt 0.5494804 0.0247149
f 426/1042/426 439/1043/439 647/1044/647
vt 0.5707613 0.0247149
f 426/1042/426 647/1044/647 648/1045/648
f 647/1044/647 439/1043/439 438/1037/438
f 647/1044/647 438/1037/438 646/1036/646
f 426/1042/426 648/1045/648 645/1035/645
f 426/1042/426 645/1035/645 427/1034/427
vt 0.9648129 0.8171524
vt 0.9412124 0.8171524
vt 0.9424082 0.8183512
f 484/1046/484 483/1047/483 485/1048/485
vt 0.9636896 0.8183512
f 484/1046/484 485/1048/485 488/1049/488
f 485/1048/485 483/1047/483 478/1041/478
f 485/1048/485 478/1041/478 486/1040/486
f 484/1046/484 488/1049/488 487/1039/487
f 484/1046/484 487/1039/487 477/1038/477
vt 0.4376671 0.1019851
vt 0.4365438 0.1007861
vt 0.4152624 0.1007861
f 430/1050/430 480/1051/480 444/1052/444
vt 0.4140666 0.1019851
f 430/1050/430 444/1052/444 431/1053/431
vt 0.7275000 0.1136563
vt 0.7263764 0.1124574
vt 0.7050951 0.1124574
f 649/1054/649 435/1055/435 434/1056/434
vt 0.7038993 0.1136563
f 649/1054/649 434/1056/434 650/1057/650
vt 0.2489839 0.1097659
vt 0.2478606 0.1085669
vt 0.2265793 0.1085669
f 651/1058/651 479/1059/479 474/1060/474
vt 0.2253834 0.1097659
f 651/1058/651 474/1060/474 652/1061/652
vt 0.4376671 0.0624200
vt 0.4140666 0.0624200
vt 0.4152624 0.0636190
f 443/1062/443 442/1063/442 433/1064/433
vt 0.4365438 0.0636190
f 443/1062/443 433/1064/433 432/1065/432
f 433/1064/433 442/1063/442 431/1053/431
f 433/1064/433 431/1053/431 444/1052/444
f 443/1062/443 432/1065/432 480/1051/480
f 443/1062/443 480/1051/480 430/1050/430
vt 0.7275000 0.0740910
vt 0.7038993 0.0740910
vt 0.7050951 0.0752903
f 653/1066/653 654/1067/654 655/1068/655
vt 0.7263764 0.0752903
f 653/1066/653 655/1068/655 656/1069/656
f 655/1068/655 654/1067/654 650/1057/650
f 655/1068/655 650/1057/650 434/1056/434
f 653/1066/653 656/1069/656 435/1055/435
f 653/1066/653 435/1055/435 649/1054/649
vt 0.2489839 0.0702008
vt 0.2253834 0.0702006
vt 0.2265793 0.0713997
f 657/1070/657 658/1071/658 446/1072/446
vt 0.2478606 0.0713997
f 657/1070/657 446/1072/446 445/1073/445
f 446/1072/446 658/1071/658 652/1061/652
f 446/1072/446 652/1061/652 474/1060/474
f 657/1070/657 445/1073/445 479/1059/479
f 657/1070/657 479/1059/479 651/1058/651
vt 0.0501220 0.0196258
f 219/294/219 218/293/218 655/1074/655
vt 0.0501220 0.0567929
f 219/294/219 655/1074/655 434/1075/434
vt 0.1921238 0.0293517
vt 0.1921238 0.0529523
vt 0.1925735 0.0529523
f 546/1076/546 492/1077/492 658/1078/658
vt 0.1925735 0.0293517
f 546/1076/546 658/1078/658 657/1079/657
vt 0.3656951 0.1097659
vt 0.3656951 0.0702006
vt 0.3652455 0.0702006
f 498/1080/498 501/1081/501 650/1082/650
vt 0.3652455 0.1097659
f 498/1080/498 650/1082/650 654/1083/654
vt 0.9648128 0.6738697
vt 0.9648128 0.6343049
vt 0.9643630 0.6343049
f 476/1084/476 481/1085/481 484/1086/484
vt 0.9643630 0.6738697
f 476/1084/476 484/1086/484 477/1087/477
vt 0.9779767 0.7646323
f 71/70/71 70/69/70 645/1088/645
vt 0.9779767 0.8017993
f 71/70/71 645/1088/645 648/1089/648
vt 0.5290909 0.1759024
vt 0.5290909 0.1363370
vt 0.5286412 0.1363370
f 527/1090/527 530/1091/530 653/1092/653
vt 0.5286412 0.1759024
f 527/1090/527 653/1092/653 649/1093/649
vt 0.4313821 0.0235162
vt 0.4313821 0.0471166
vt 0.4318315 0.0471166
f 530/1094/530 498/1095/498 654/1096/654
vt 0.4318315 0.0235162
f 530/1094/530 654/1096/654 653/1097/653
vt 0.6613636 0.1692890
f 70/78/70 75/77/75 646/1098/646
vt 0.6613636 0.1480081
f 70/78/70 646/1098/646 645/1099/645
vt 0.0812451 0.0196258
f 75/74/75 74/73/74 647/1100/647
vt 0.0812451 0.0567929
f 75/74/75 647/1100/647 646/1101/646
vt 0.5014085 0.0235161
vt 0.5014085 0.0471165
vt 0.5018582 0.0471165
f 425/1102/425 436/1103/436 439/1104/439
vt 0.5018582 0.0235161
f 425/1102/425 439/1104/439 426/1105/426
vt 0.6671991 0.0490618
vt 0.6671991 0.0254613
vt 0.6667494 0.0254613
f 501/1106/501 527/1107/527 649/1108/649
vt 0.6667494 0.0490618
f 501/1106/501 649/1108/649 650/1109/650
vt 0.4882419 0.0451713
vt 0.4882419 0.0215709
vt 0.4877922 0.0215709
f 437/1110/437 424/1111/424 427/1112/427
vt 0.4877922 0.0451713
f 437/1110/437 427/1112/427 438/1113/438
vt 0.4683374 0.1499532
f 74/82/74 71/81/71 648/1114/648
vt 0.4683374 0.1712343
f 74/82/74 648/1114/648 647/1115/647
vt 0.0656838 0.0215709
f 223/306/223 221/305/221 435/1116/435
vt 0.0656836 0.0587381
f 223/306/223 435/1116/435 656/1117/656
vt 0.1945187 0.1097660
vt 0.1945187 0.0702006
vt 0.1940695 0.0702006
f 543/1118/543 546/1119/546 657/1120/657
vt 0.1940695 0.1097660
f 543/1118/543 657/1120/657 651/1121/651
vt 0.4454479 0.0451713
vt 0.4454479 0.0215709
vt 0.4449984 0.0215709
f 495/1122/495 543/1123/543 651/1124/651
vt 0.4449984 0.0451713
f 495/1122/495 651/1124/651 652/1125/652
vt 0.9687032 0.5377067
vt 0.9687032 0.4981418
vt 0.9682535 0.4981418
f 482/1126/482 475/1127/475 478/1128/478
vt 0.9682535 0.5377067
f 482/1126/482 478/1128/478 483/1129/483
vt 0.4372143 0.1499532
f 218/302/218 223/301/223 656/1130/656
vt 0.4372143 0.1712343
f 218/302/218 656/1130/656 655/1131/655
vt 0.3229011 0.1097659
vt 0.3229011 0.0702006
vt 0.3224513 0.0702006
f 492/1132/492 495/1133/495 652/1134/652
vt 0.3224513 0.1097659
f 492/1132/492 652/1134/652 658/1135/658
vt 0.9687032 0.3276264
vt 0.9687032 0.2880616
vt 0.9682535 0.2880616
f 441/1136/441 428/1137/428 431/1138/431
vt 0.9682535 0.3276264
f 441/1136/441 431/1138/431 442/1139/442
vt 0.9648129 0.5941170
vt 0.9636891 0.5929181
vt 0.9424082 0.5929181
f 460/1140/460 447/1141/447 659/1142/659
vt 0.9412125 0.5941170
f 460/1140/460 659/1142/659 461/1143/461
vt 0.4804612 0.1019849
vt 0.4793374 0.1007860
vt 0.4580563 0.1007860
f 451/1144/451 466/1145/466 456/1146/456
vt 0.4568605 0.1019849
f 451/1144/451 456/1146/456 452/1147/452
vt 0.6146792 0.0630807
vt 0.6135554 0.0618820
vt 0.5922745 0.0618820
f 464/1148/464 471/1149/471 468/1150/468
vt 0.5910788 0.0630807
f 464/1148/464 468/1150/468 465/1151/465
vt 0.9648129 0.5545522
vt 0.9412125 0.5545522
vt 0.9424082 0.5557512
f 660/1152/660 661/1153/661 457/1154/457
vt 0.9636891 0.5557512
f 660/1152/660 457/1154/457 448/1155/448
f 457/1154/457 661/1153/661 461/1143/461
f 457/1154/457 461/1143/461 659/1142/659
f 660/1152/660 448/1155/448 447/1141/447
f 660/1152/660 447/1141/447 460/1140/460
vt 0.4804612 0.0624198
vt 0.4568605 0.0624198
vt 0.4580563 0.0636191
f 454/1156/454 470/1157/470 455/1158/455
vt 0.4793374 0.0636191
f 454/1156/454 455/1158/455 473/1159/473
f 455/1158/455 470/1157/470 452/1147/452
f 455/1158/455 452/1147/452 456/1146/456
f 454/1156/454 473/1159/473 466/1145/466
f 454/1156/454 466/1145/466 451/1144/451
vt 0.6146792 0.0235161
vt 0.5910788 0.0235161
vt 0.5922745 0.0247149
f 662/1160/662 663/1161/663 467/1162/467
vt 0.6135554 0.0247149
f 662/1160/662 467/1162/467 472/1163/472
f 467/1162/467 663/1161/663 465/1151/465
f 467/1162/467 465/1151/465 468/1150/468
f 662/1160/662 472/1163/472 471/1149/471
f 662/1160/662 471/1149/471 464/1148/464
vt 0.8418163 0.0235161
vt 0.8418163 0.0630807
vt 0.8422660 0.0630807
f 469/1164/469 449/1165/449 452/1166/452
vt 0.8422660 0.0235161
f 469/1164/469 452/1166/452 470/1167/470
vt 0.3769169 0.0293517
vt 0.3769169 0.0529523
vt 0.3773663 0.0529523
f 542/1168/542 489/1169/489 663/1170/663
vt 0.3773663 0.0293517
f 542/1168/542 663/1170/663 662/1171/662
vt 0.0077807 0.0591904
vt 0.0077807 0.0196258
vt 0.0073315 0.0196258
f 459/1172/459 533/1173/533 660/1174/660
vt 0.0073315 0.0591904
f 459/1172/459 660/1174/660 460/1175/460
vt 0.7231568 0.1635695
f 160/218/160 165/217/165 472/1176/472
vt 0.7231568 0.1848506
f 160/218/160 472/1176/472 467/1177/467
vt 0.8558823 0.0650259
vt 0.8558823 0.0254613
vt 0.8554326 0.0254613
f 463/1178/463 542/1179/542 662/1180/662
vt 0.8554326 0.0650259
f 463/1178/463 662/1180/662 464/1181/464
vt 0.7099932 0.1829055
f 131/166/131 133/165/133 659/1182/659
vt 0.7099932 0.1616244
f 131/166/131 659/1182/659 447/1183/447
vt 0.9682535 0.2297059
vt 0.9682535 0.2692708
vt 0.9687032 0.2692708
f 502/1184/502 458/1185/458 461/1186/461
vt 0.9687032 0.2297059
f 502/1184/502 461/1186/461 661/1187/661
vt 0.0583556 0.7648408
f 145/182/145 144/181/144 466/1188/466
vt 0.0583556 0.7276739
f 145/182/145 466/1188/466 473/1189/473
vt 0.6458021 0.1673438
f 163/214/163 161/213/161 468/1190/468
vt 0.6458021 0.1460629
f 163/214/163 468/1190/468 471/1191/471
vt 0.9682535 0.1713504
vt 0.9682535 0.2109152
vt 0.9687032 0.2109152
f 489/1192/489 462/1193/462 465/1194/465
vt 0.9687032 0.1713504
f 489/1192/489 465/1194/465 663/1195/663
vt 0.7114857 0.0215709
f 133/162/133 129/161/129 457/1196/457
vt 0.7114857 0.0587378
f 133/162/133 457/1196/457 659/1197/659
vt 0.1785078 0.0235161
vt 0.1785078 0.0471168
vt 0.1789573 0.0471168
f 533/1198/533 502/1199/502 661/1200/661
vt 0.1789573 0.0235161
f 533/1198/533 661/1200/661 660/1201/660
vt 0.9648128 0.8774532
vt 0.9412121 0.8774532
vt 0.9424078 0.8786520
f 383/1202/383 382/1203/382 664/1204/664
vt 0.9636892 0.8786520
f 383/1202/383 664/1204/664 665/1205/665
vt 0.9648129 0.4028276
vt 0.9412125 0.4028276
vt 0.9424083 0.4040266
f 666/1206/666 410/1207/410 667/1208/667
vt 0.9636891 0.4040266
f 666/1206/666 667/1208/667 668/1209/668
vt 0.9648128 0.9170181
vt 0.9636892 0.9158191
vt 0.9424078 0.9158191
f 419/1210/419 669/1211/669 670/1212/670
vt 0.9412121 0.9170181
f 419/1210/419 670/1212/670 420/1213/420
f 670/1212/670 664/1204/664 382/1203/382
f 670/1212/670 382/1203/382 420/1213/420
f 419/1210/419 383/1202/383 665/1205/665
f 419/1210/419 665/1205/665 669/1211/669
vt 0.9648129 0.4423925
vt 0.9636891 0.4411935
vt 0.9424083 0.4411935
f 671/1214/671 377/1215/377 376/1216/376
vt 0.9412125 0.4423925
f 671/1214/671 376/1216/376 409/1217/409
f 376/1216/376 667/1208/667 410/1207/410
f 376/1216/376 410/1207/410 409/1217/409
f 671/1214/671 666/1206/666 668/1209/668
f 671/1214/671 668/1209/668 377/1215/377
vt 0.1770120 0.0663102
vt 0.1534113 0.0663102
vt 0.1546071 0.0675092
f 379/1218/379 378/1219/378 418/1220/418
vt 0.1758884 0.0675092
f 379/1218/379 418/1220/418 385/1221/385
vt 0.7683489 0.0740910
vt 0.7447482 0.0740910
vt 0.7459440 0.0752903
f 417/1222/417 416/1223/416 389/1224/389
vt 0.7672251 0.0752903
f 417/1222/417 389/1224/389 413/1225/413
vt 0.8111430 0.0740910
vt 0.7875423 0.0740910
vt 0.7887381 0.0752900
f 672/1226/672 422/1227/422 381/1228/381
vt 0.8100192 0.0752900
f 672/1226/672 381/1228/381 380/1229/380
vt 0.1770120 0.1058753
vt 0.1758884 0.1046761
vt 0.1546071 0.1046761
f 423/1230/423 384/1231/384 388/1232/388
vt 0.1534113 0.1058753
f 423/1230/423 388/1232/388 411/1233/411
f 388/1232/388 418/1220/418 378/1219/378
f 388/1232/388 378/1219/378 411/1233/411
f 423/1230/423 379/1218/379 385/1221/385
f 423/1230/423 385/1221/385 384/1231/384
vt 0.7683489 0.1136563
vt 0.7672251 0.1124574
vt 0.7459440 0.1124574
f 414/1234/414 412/1235/412 390/1236/390
vt 0.7447482 0.1136563
f 414/1234/414 390/1236/390 415/1237/415
f 390/1236/390 389/1224/389 416/1223/416
f 390/1236/390 416/1223/416 415/1237/415
f 414/1234/414 417/1222/417 413/1225/413
f 414/1234/414 413/1225/413 412/1235/412
vt 0.8111430 0.1136561
vt 0.8100192 0.1124571
vt 0.7887381 0.1124571
f 673/1238/673 387/1239/387 386/1240/386
vt 0.7875423 0.1136563
f 673/1238/673 386/1240/386 421/1241/421
f 386/1240/386 381/1228/381 422/1227/422
f 386/1240/386 422/1227/422 421/1241/421
f 673/1238/673 672/1226/672 380/1229/380
f 673/1238/673 380/1229/380 387/1239/387
vt 0.0992045 0.0587381
f 233/320/233 232/319/232 387/1242/387
vt 0.0992045 0.0215709
f 233/320/233 387/1242/387 380/1243/380
vt 0.4707353 0.1712343
f 68/80/68 73/79/73 670/1244/670
vt 0.4707353 0.1499532
f 68/80/68 670/1244/670 669/1245/669
vt 0.6983221 0.0567929
f 237/324/237 236/323/236 381/1246/381
vt 0.6983221 0.0196258
f 237/324/237 381/1246/381 386/1247/386
vt 0.5655969 0.1460629
f 84/100/84 88/99/88 668/1248/668
vt 0.5655969 0.1673439
f 84/100/84 668/1248/668 667/1249/667
vt 0.6589657 0.1480081
f 72/76/72 69/75/69 665/1250/665
vt 0.6589657 0.1692890
f 72/76/72 665/1250/665 664/1251/664
vt 0.2076853 0.0663103
vt 0.2076853 0.1058756
vt 0.2081350 0.1058756
f 254/1252/254 259/1253/259 415/1254/415
vt 0.2081350 0.0663103
f 254/1252/254 415/1254/415 416/1255/416
vt 0.7664037 0.0567927
f 88/108/88 90/107/90 377/1256/377
vt 0.7664037 0.0196257
f 88/108/88 377/1256/377 668/1257/668
vt 0.9803742 0.8017993
f 69/68/69 68/67/68 669/1258/669
vt 0.9803742 0.7646323
f 69/68/69 669/1258/669 665/1259/665
vt 0.2446439 0.0274065
vt 0.2446439 0.0510072
vt 0.2450936 0.0510072
f 173/1260/173 250/1261/250 422/1262/422
vt 0.2450936 0.0274065
f 173/1260/173 422/1262/422 672/1263/672
vt 0.2835476 0.8152072
vt 0.2835476 0.8388077
vt 0.2839973 0.8388077
f 49/1264/49 278/1265/278 410/1266/410
vt 0.2839973 0.8152072
f 49/1264/49 410/1266/410 666/1267/666
vt 0.7508422 0.0587378
f 85/96/85 84/95/84 667/1268/667
vt 0.7508422 0.0215709
f 85/96/85 667/1268/667 376/1269/376
vt 0.0836430 0.0567929
f 73/72/73 72/71/72 664/1270/664
vt 0.0836430 0.0196258
f 73/72/73 664/1270/664 670/1271/670
vt 0.8690490 0.0235161
vt 0.8690490 0.0630807
vt 0.8694986 0.0630807
f 276/1272/276 279/1273/279 420/1274/420
vt 0.8694986 0.0235161
f 276/1272/276 420/1274/420 382/1275/382
vt 0.3501337 0.0529523
vt 0.3501337 0.0293517
vt 0.3496842 0.0293517
f 247/1276/247 191/1277/191 673/1278/673
vt 0.3496842 0.0529523
f 247/1276/247 673/1278/673 421/1279/421
vt 0.0559607 0.8910696
vt 0.0559607 0.9306347
vt 0.0564104 0.9306347
f 179/1280/179 23/1281/23 379/1282/379
vt 0.0564104 0.8910696
f 179/1280/179 379/1282/379 423/1283/423
vt 0.3851470 0.8388077
vt 0.3851470 0.8152072
vt 0.3846978 0.8152072
f 300/1284/300 63/1285/63 671/1286/671
vt 0.3846978 0.8388077
f 300/1284/300 671/1286/671 409/1287/409
vt 0.9526924 0.5000869
vt 0.9526924 0.5396521
vt 0.9531417 0.5396521
f 191/1288/191 173/1289/173 672/1290/672
vt 0.9531417 0.5000869
f 191/1288/191 672/1290/672 673/1291/673
vt 0.5811586 0.1480081
f 200/268/200 204/267/204 385/1292/385
vt 0.5811586 0.1692892
f 200/268/200 385/1292/385 418/1293/418
vt 0.9060074 0.0254613
vt 0.9060074 0.0650259
vt 0.9064571 0.0650259
f 51/1294/51 20/1295/20 383/1296/383
vt 0.9064571 0.0254613
f 51/1294/51 383/1296/383 419/1297/419
vt 0.9682535 0.1129947
vt 0.9682535 0.1525596
vt 0.9687032 0.1525596
f 63/1298/63 49/1299/49 666/1300/666
vt 0.9687032 0.1129947
f 63/1298/63 666/1300/666 671/1301/671
vt 0.9648129 0.3464172
vt 0.9412125 0.3464172
vt 0.9424082 0.3476159
f 674/1302/674 403/1303/403 675/1304/675
vt 0.9636891 0.3476159
f 674/1302/674 675/1304/675 401/1305/401
vt 0.9609224 0.0274065
vt 0.9373220 0.0274065
vt 0.9385178 0.0286052
f 395/1306/395 398/1307/398 399/1308/399
vt 0.9597986 0.0286052
f 395/1306/395 399/1308/399 405/1309/405
vt 0.5213102 0.0624199
vt 0.4977092 0.0624199
vt 0.4989050 0.0636189
f 676/1310/676 392/1311/392 677/1312/677
vt 0.5201864 0.0636189
f 676/1310/676 677/1312/677 407/1313/407
vt 0.9648129 0.3859821
vt 0.9636891 0.3847831
vt 0.9424082 0.3847831
f 678/1314/678 400/1315/400 408/1316/408
vt 0.9412125 0.3859821
f 678/1314/678 408/1316/408 402/1317/402
f 408/1316/408 675/1304/675 403/1303/403
f 408/1316/408 403/1303/403 402/1317/402
f 678/1314/678 674/1302/674 401/1305/401
f 678/1314/678 401/1305/401 400/1315/400
vt 0.9609224 0.0669714
vt 0.9597986 0.0657723
vt 0.9385178 0.0657723
f 396/1318/396 394/1319/394 393/1320/393
vt 0.9373220 0.0669714
f 396/1318/396 393/1320/393 397/1321/397
f 393/1320/393 399/1308/399 398/1307/398
f 393/1320/393 398/1307/398 397/1321/397
f 396/1318/396 395/1306/395 405/1309/405
f 396/1318/396 405/1309/405 394/1319/394
vt 0.5213102 0.1019847
vt 0.5201864 0.1007858
vt 0.4989050 0.1007858
f 404/1322/404 406/1323/406 679/1324/679
vt 0.4977092 0.1019847
f 404/1322/404 679/1324/679 391/1325/391
f 679/1324/679 677/1312/677 392/1311/392
f 679/1324/679 392/1311/392 391/1325/391
f 404/1322/404 676/1310/676 407/1313/407
f 404/1322/404 407/1313/407 406/1323/406
vt 0.8282002 0.0274065
vt 0.8282002 0.0669714
vt 0.8286497 0.0669714
f 117/1326/117 99/1327/99 676/1328/676
vt 0.8286497 0.0274065
f 117/1326/117 676/1328/676 404/1329/404
vt 0.0206468 0.0215709
vt 0.0206468 0.0609491
vt 0.0213970 0.0609492
f 264/1330/264 105/1331/105 678/1332/678
vt 0.0213970 0.0215709
f 264/1330/264 678/1332/678 402/1333/402
vt 0.5290909 0.2996119
vt 0.5290909 0.2335963
vt 0.5283407 0.2335963
f 105/1334/105 16/1335/16 674/1336/674
vt 0.5283407 0.2996119
f 105/1334/105 674/1336/674 678/1337/678
vt 0.6434041 0.1460629
f 158/212/158 162/211/162 407/1338/407
vt 0.6434041 0.1673438
f 158/212/158 407/1338/407 677/1339/677
vt 0.0559577 0.7276739
f 143/180/143 142/179/142 394/1340/394
vt 0.0559577 0.7648408
f 143/180/143 394/1340/394 405/1341/405
vt 0.7075953 0.1616244
f 132/164/132 130/163/130 401/1342/401
vt 0.7075953 0.1829055
f 132/164/132 401/1342/401 675/1343/675
vt 0.7294451 0.0567927
f 159/208/159 158/207/158 677/1344/677
vt 0.7294451 0.0196258
f 159/208/159 677/1344/677 679/1345/679
vt 0.7138837 0.0587378
f 126/160/126 132/159/132 675/1346/675
vt 0.7138837 0.0215709
f 126/160/126 675/1346/675 408/1347/408
vt 0.3224513 0.0293517
vt 0.3224513 0.0529523
vt 0.3229010 0.0529523
f 16/1348/16 257/1349/257 403/1350/403
vt 0.3229010 0.0293517
f 16/1348/16 403/1350/403 674/1351/674
vt 0.3360676 0.0274065
vt 0.3360676 0.0510072
vt 0.3365173 0.0510072
f 103/1352/103 263/1353/263 398/1354/398
vt 0.3365173 0.0274065
f 103/1352/103 398/1354/398 395/1355/395
vt 0.4605601 0.0235162
vt 0.4605601 0.0471166
vt 0.4610094 0.0471166
f 99/1356/99 261/1357/261 392/1358/392
vt 0.4610094 0.0235162
f 99/1356/99 392/1358/392 676/1359/676
vt 0.7255548 0.1848506
f 164/216/164 159/215/159 679/1360/679
vt 0.7255548 0.1635695
f 164/216/164 679/1360/679 406/1361/406
vt 0.6819475 0.0624199
vt 0.6819476 0.1220427
vt 0.6827607 0.1220427
f 680/1362/680 681/1363/681 682/1364/682
vt 0.6827606 0.0624199
f 680/1362/680 682/1364/682 683/1365/683
vt 0.9239638 0.1337138
vt 0.9239638 0.0740909
vt 0.9223378 0.0740909
f 683/1366/683 682/1367/682 684/1368/684
vt 0.9223378 0.1337138
f 683/1366/683 684/1368/684 685/1369/685
vt 0.9259090 0.5947232
vt 0.9259090 0.5351003
vt 0.9250960 0.5351003
f 686/1370/686 687/1371/687 688/1372/688
vt 0.9250960 0.5947232
f 686/1370/686 688/1372/688 689/1373/689
vt 0.2937233 0.1123825
vt 0.2937232 0.0663102
vt 0.2920972 0.0663102
f 694/1374/694 695/1375/695 696/1376/696
vt 0.2920972 0.1123825
f 694/1374/694 696/1376/696 697/1377/697
vt 0.9367670 0.2329183
vt 0.9375800 0.2329183
vt 0.9375800 0.1732954
f 702/1378/702 703/1379/703 704/1380/704
vt 0.9367670 0.1732954
f 702/1378/702 704/1380/704 705/1381/705
vt 0.9250960 0.4235467
vt 0.9259091 0.4235467
vt 0.9259091 0.3639238
f 706/1382/706 707/1383/707 708/1384/708
vt 0.9250960 0.3639238
f 706/1382/706 708/1384/708 709/1385/709
vt 0.9367670 0.1434397
vt 0.9375800 0.1434397
vt 0.9375800 0.0838168
f 710/1386/710 711/1387/711 712/1388/712
vt 0.9367670 0.0838168
f 710/1386/710 712/1388/712 713/1389/713
vt 0.1120078 0.1181523
vt 0.1128208 0.1181523
vt 0.1128208 0.0585294
f 714/1390/714 715/1391/715 716/1392/716
vt 0.1120078 0.0585294
f 714/1390/714 716/1392/716 717/1393/717
vt 0.6691443 0.1259331
vt 0.6691443 0.0663102
vt 0.6683313 0.0663102
f 718/1394/718 719/1395/719 720/1396/720
vt 0.6683313 0.1259332
f 718/1394/718 720/1396/720 721/1397/721
vt 0.9242830 0.9895961
vt 0.9259090 0.9895961
vt 0.9259090 0.9299732
f 703/1398/703 724/1399/724 725/1400/725
vt 0.9242830 0.9299732
f 703/1398/703 725/1400/725 704/1401/704
vt 0.1264371 0.1181523
vt 0.1264371 0.0585294
vt 0.1256241 0.0585294
f 726/1402/726 727/1403/727 728/1404/728
vt 0.1256241 0.1181523
f 726/1402/726 728/1404/728 729/1405/729
vt 0.8433982 0.5506618
vt 0.8433982 0.5967340
vt 0.8442112 0.5967340
f 730/1406/730 731/1407/731 732/1408/732
vt 0.8442112 0.5506618
f 730/1406/730 732/1408/732 733/1409/733
vt 0.4146439 0.7938102
vt 0.4146440 0.8398824
vt 0.4162700 0.8398824
f 733/1410/733 732/1411/732 734/1412/734
vt 0.4162699 0.7938102
f 733/1410/733 734/1412/734 735/1413/735
vt 0.6877831 0.5915107
vt 0.6877831 0.6375830
vt 0.6885961 0.6375830
f 736/1414/736 737/1415/737 738/1416/738
vt 0.6885961 0.5915107
f 736/1414/736 738/1416/738 739/1417/739
vt 0.3376495 0.0702007
vt 0.3376495 0.1162729
vt 0.3384625 0.1162729
f 740/1418/740 741/1419/741 695/1420/695
vt 0.3384625 0.0702007
f 740/1418/740 695/1420/695 694/1421/694
vt 0.8772794 0.1414946
vt 0.8772794 0.0818717
vt 0.8756533 0.0818717
f 685/1422/685 684/1423/684 687/1424/687
vt 0.8756533 0.1414946
f 685/1422/685 687/1424/687 686/1425/686
vt 0.9084025 0.1414946
vt 0.9084025 0.0818717
vt 0.9067764 0.0818717
f 721/1426/721 720/1427/720 742/1428/742
vt 0.9067764 0.1414946
f 721/1426/721 742/1428/742 743/1429/743
vt 0.3512658 0.0702007
vt 0.3512659 0.1162729
vt 0.3520789 0.1162729
f 744/1430/744 745/1431/745 746/1432/746
vt 0.3520789 0.0702007
f 744/1430/744 746/1432/746 747/1433/747
vt 0.1392405 0.1181523
vt 0.1400535 0.1181523
vt 0.1400535 0.0585294
f 748/1434/748 749/1435/749 750/1436/750
vt 0.1392405 0.0585294
f 748/1434/748 750/1436/750 751/1437/751
vt 0.9087215 0.3943689
vt 0.9103476 0.3943689
vt 0.9103476 0.3347461
f 724/1438/724 706/1439/706 709/1440/709
vt 0.9087215 0.3347461
f 724/1438/724 709/1440/709 725/1441/725
vt 0.8912148 0.1376041
vt 0.8928409 0.1376041
vt 0.8928409 0.0779813
f 749/1442/749 752/1443/752 753/1444/753
vt 0.8912148 0.0779813
f 749/1442/749 753/1444/753 750/1445/750
vt 0.9406574 0.9934865
vt 0.9414704 0.9934865
vt 0.9414705 0.9338636
f 754/1446/754 755/1447/755 756/1448/756
vt 0.9406574 0.9338636
f 754/1446/754 756/1448/756 757/1449/757
vt 0.6090512 0.3755950
vt 0.6090512 0.6428816
vt 0.6117613 0.6428816
f 762/1450/762 763/1451/763 764/1452/764
vt 0.6117613 0.3755950
f 762/1450/762 764/1452/764 7/1453/7
vt 0.9048309 0.4702312
vt 0.9064570 0.4702312
vt 0.9064572 0.4106084
f 711/1454/711 765/1455/765 762/1456/762
vt 0.9048309 0.4106084
f 711/1454/711 762/1456/762 712/1457/712
vt 0.9220188 0.4994090
vt 0.9220188 0.4397861
vt 0.9203927 0.4397861
f 743/1458/743 742/1459/742 727/1460/727
vt 0.9203927 0.4994090
f 743/1458/743 727/1460/727 726/1461/726
vt 0.8947846 0.2297059
vt 0.8931585 0.2297059
vt 0.8931585 0.2893288
f 765/1462/765 714/1463/714 717/1464/717
vt 0.8947860 0.2893288
f 765/1462/765 717/1464/717 762/1465/762
vt 0.2781617 0.1123825
vt 0.2781617 0.0663102
vt 0.2765356 0.0663102
f 697/1466/697 696/1467/696 745/1468/745
vt 0.2765356 0.1123825
f 697/1466/697 745/1468/745 744/1469/744
vt 0.9242830 0.9078982
vt 0.9259090 0.9078982
vt 0.9259090 0.8482754
f 752/1470/752 754/1471/754 757/1472/757
vt 0.9242830 0.8482754
f 752/1470/752 757/1472/757 753/1473/753
vt 0.3092847 0.1123825
vt 0.3092847 0.0663102
vt 0.3076586 0.0663102
f 735/1474/735 734/1475/734 737/1476/737
vt 0.3076586 0.1123825
f 735/1474/735 737/1476/737 736/1477/736
vt 0.4135599 0.5895658
vt 0.4135598 0.7792747
vt 0.4162700 0.7792747
f 725/1478/725 772/1479/772 770/1480/770
vt 0.4162700 0.5895655
f 725/1478/725 770/1480/770 771/1481/771
vt 0.4291215 0.6498663
vt 0.4291215 0.8395755
vt 0.4318316 0.8395755
f 763/1482/763 773/1483/773 768/1484/768
vt 0.4318316 0.6498663
f 763/1482/763 768/1484/768 764/1485/764
vt 0.4446829 0.6557019
vt 0.4446829 0.8402618
vt 0.4473931 0.8402618
f 774/1486/774 775/1487/775 761/1488/761
vt 0.4473931 0.6557019
f 774/1486/774 761/1488/761 760/1489/760
vt 0.4198939 0.9902741
vt 0.2820934 0.9902741
vt 0.2823599 0.9929711
f 776/1490/776 774/1491/774 760/1492/760
vt 0.4201604 0.9929711
f 776/1490/776 760/1492/760 759/1493/759
vt 0.7727128 0.8093717
vt 0.7727127 0.9939315
vt 0.7735248 0.9931185
f 775/1494/775 774/1495/774 780/1496/780
vt 0.7735248 0.8101847
f 775/1494/775 780/1496/780 778/1497/778
vt 0.9103475 0.9939315
vt 0.9095355 0.9931185
f 774/1495/774 776/1498/776 781/1499/781
f 774/1495/774 781/1499/781 780/1496/780
vt 0.5913367 0.4650736
vt 0.5886266 0.4650736
vt 0.5886266 0.5336399
f 762/1500/762 7/1501/7 5/1502/5
vt 0.5913367 0.5336399
f 762/1500/762 5/1502/5 783/1503/783
vt 0.8105094 0.5924803
vt 0.8132195 0.5924803
vt 0.8132195 0.5239140
f 684/1504/684 3/1505/3 2/1506/2
vt 0.8105094 0.5239140
f 684/1504/684 2/1506/2 782/1507/782
vt 0.5886266 0.6022062
vt 0.5913367 0.6022062
f 4/1508/4 769/1509/769 783/1503/783
f 4/1508/4 783/1503/783 5/1502/5
# 1199 faces, 1509 coords texture

# End of File
